session_id,participant_id,status,started_datetime,completed_date_time,time_taken,age,num_approvals,num_rejections,prolific_score,reviewed_at_datetime,entered_code,Country of Birth,Current Country of Residence,Employment Status,First Language,Fluent languages,Nationality,Nationality (UK),Primary Language,Sex,Student Status
62b7258a1260c7d1663f02af,568aebfc39a70e000b57acf9,APPROVED,2022-06-25 15:11:06.362000,2022-06-25 15:23:34.532000,748.17,41,1437,4,100,2022-06-28 10:08:52.129000,91442ADD,United Kingdom,United Kingdom,Full-Time,English,English,United Kingdom,England,English,Male,No
62b727eb4477ec7fc0f14aa1,601035bc24cb8f2c108b3e48,APPROVED,2022-06-25 15:21:18.775000,2022-06-25 15:27:24.844000,366.069,33,281,2,100,2022-06-28 10:08:50.449000,91442ADD,United States,United Kingdom,Full-Time,English,English,United Kingdom,England,English,Female,No
62b728ed226cfe84afbb688f,5be5b43e9633790001c8fd75,APPROVED,2022-06-25 15:25:37.337000,2022-06-25 15:34:49.238000,551.901,36,467,0,100,2022-06-28 10:08:49.299000,91442ADD,United Kingdom,United Kingdom,Full-Time,English,English,United Kingdom,Wales,English,Male,No
62b72988708c4bbff9e691e7,613b63bdf47a39cf008e8182,RETURNED,2022-06-25 15:28:10.247000,,240062.772371,32,481,4,99,,,CONSENT REVOKED,CONSENT REVOKED,CONSENT REVOKED,CONSENT REVOKED,CONSENT REVOKED,CONSENT REVOKED,CONSENT REVOKED,CONSENT REVOKED,CONSENT REVOKED,CONSENT REVOKED
62b72c17c35484c2af4f68cd,59fc8a30087f2e0001ead66d,RETURNED,2022-06-25 15:39:03.818000,,239409.227678,56,640,3,100,,,CONSENT REVOKED,CONSENT REVOKED,CONSENT REVOKED,CONSENT REVOKED,CONSENT REVOKED,CONSENT REVOKED,CONSENT REVOKED,CONSENT REVOKED,CONSENT REVOKED,CONSENT REVOKED
62b72ce85e63f8d54ff5c5a7,598b45b9d4d7ba0001bfd6e7,APPROVED,2022-06-25 15:42:38.449000,2022-06-25 15:52:10.759000,572.31,39,115,0,100,2022-06-28 10:08:47.879000,91442ADD,United Kingdom,United Kingdom,Part-Time,English,English,United Kingdom,England,English,Female,No
62b72d24bd45dd693a1a9872,5c23615d70d93a0001202ea2,APPROVED,2022-06-25 15:43:34.540000,2022-06-25 15:59:44.794000,970.254,29,980,6,99,2022-06-28 10:08:46.337000,91442ADD,United Kingdom,United Kingdom,Full-Time,English,English,United Kingdom,England,English,Male,Yes
62b72d420703454a6d3fc240,598e082dcceb0f0001b397b9,RETURNED,2022-06-25 15:44:07.190000,,239105.959866,39,1081,14,98,,,CONSENT REVOKED,CONSENT REVOKED,CONSENT REVOKED,CONSENT REVOKED,CONSENT REVOKED,CONSENT REVOKED,CONSENT REVOKED,CONSENT REVOKED,CONSENT REVOKED,CONSENT REVOKED
62b72dadbc2fac16e8d922e9,594ef8ef6d3780000120d4d9,RETURNED,2022-06-25 15:45:53.969000,,238999.204283,54,597,5,99,,,CONSENT REVOKED,CONSENT REVOKED,CONSENT REVOKED,CONSENT REVOKED,CONSENT REVOKED,CONSENT REVOKED,CONSENT REVOKED,CONSENT REVOKED,CONSENT REVOKED,CONSENT REVOKED
62b72dbb43fa2926cfdffc56,5ea8346c071ad806fc1f7e60,RETURNED,2022-06-25 15:46:05.971000,,238987.215909,28,166,2,100,,,CONSENT REVOKED,CONSENT REVOKED,CONSENT REVOKED,CONSENT REVOKED,CONSENT REVOKED,CONSENT REVOKED,CONSENT REVOKED,CONSENT REVOKED,CONSENT REVOKED,CONSENT REVOKED
62b72dbdbb0df6d75ba39e9a,6057809230133252aba175b0,APPROVED,2022-06-25 15:46:08.188000,2022-06-25 15:53:00.678000,412.49,22,289,0,100,2022-06-28 10:08:44.219000,91442ADD,United Kingdom,United Kingdom,Unemployed (and job seeking),English,"English, Norwegian",United Kingdom,England,English,Female,No
62b72dbddc8c1a44bd446ed7,623485c9b9fbf4e35884f97f,APPROVED,2022-06-25 15:46:14.550000,2022-06-25 15:54:43.437000,508.887,27,161,0,100,2022-06-28 10:08:43.234000,91442ADD,United Kingdom,United Kingdom,Other,English,English,United Kingdom,England,English,Male,No
62b72de36070bea90780c290,5a70f4006923df0001efaa43,APPROVED,2022-06-25 15:46:52.578000,2022-06-25 16:18:31.870000,1899.292,38,136,1,100,2022-06-28 10:08:40.284000,91442ADD,United Kingdom,United Kingdom,Full-Time,English,English,United Kingdom,England,English,Female,No
62b72de479d6a0e341c09264,5ae0f7265f327e0001fba84c,APPROVED,2022-06-25 15:46:48.323000,2022-06-25 16:10:17.800000,1409.477,52,602,4,100,2022-06-28 10:08:41.753000,91442ADD,United Kingdom,United Kingdom,Full-Time,English,English,United Kingdom,England,English,Female,No
62b72e1ec7f167308d98f5fc,59f8b44d07e3780001ccd7b5,APPROVED,2022-06-25 15:47:44.915000,2022-06-25 15:53:03.290000,318.375,46,711,6,99,2022-06-28 10:08:39.680000,91442ADD,United Kingdom,United Kingdom,Part-Time,English,English,United Kingdom,England,English,Female,No
