"session_id","participant_id","status","started_datetime","completed_date_time","time_taken","age","num_approvals","num_rejections","prolific_score","reviewed_at_datetime","entered_code","Country of Birth","Current Country of Residence","Employment Status","First Language","Fluent languages","Nationality","Nationality (UK)","Primary Language","Sex","Student Status"
"62b725a06a6354cb8b784cf7","5fd376b557cff605883ee086","RETURNED","2022-06-25 15:21:28.638000","","104343.749484","22","189","3","99","","","CONSENT REVOKED","CONSENT REVOKED","CONSENT REVOKED","CONSENT REVOKED","CONSENT REVOKED","CONSENT REVOKED","CONSENT REVOKED","CONSENT REVOKED","CONSENT REVOKED","CONSENT REVOKED"
"62b729ac9c1aa2046ef27acd","5de1868db28cf71e8fd77007","APPROVED","2022-06-25 15:28:47.117000","2022-06-25 15:38:15.719000","568.602","63","877","12","98","2022-06-26 20:19:25.962000","91442ADD","United Kingdom","United Kingdom","Part-Time","English","English","United Kingdom","England","English","Female","No"
"62b729e056251c7cd7f14a98","5f42dab55333624fd10b21b5@email.prolific.co","APPROVED","2022-06-25 15:29:56.661000","2022-06-25 16:12:03.879000","2527.218","69","579","10","96","2022-06-26 20:15:37.274000","91442ADD","United Kingdom","United Kingdom","Not in paid work (e.g. homemaker', 'retired or disabled)","English","English","United Kingdom","England","English","Male","No"
"62b72ab1fab796ffca516abb","6146f7ba26347293afaea791","APPROVED","2022-06-25 15:33:09.864000","2022-06-25 15:46:14.739000","784.875","30","436","1","100","2022-06-26 20:19:24.873000","91442ADD","United Kingdom","United Kingdom","Full-Time","English","English","United Kingdom","England","English","Female","No"
"62b72ac35ce3c55d5670467f","5f4a33e6d0e4f9031cdc7428","APPROVED","2022-06-25 15:34:32.023000","2022-06-25 15:47:21.018000","768.995","29","298","0","100","2022-06-26 20:19:22.931000","91442ADD","United Kingdom","Sweden","Full-Time","English","English","United Kingdom","England","English","Female","No"
"62b72adb97f8aaf283784ce7","5b6a1096bd09a0000191be09","APPROVED","2022-06-25 15:33:51.484000","2022-06-25 15:46:47.619000","776.135","46","529","5","99","2022-06-26 20:19:24.168000","91442ADD","United Kingdom","United Kingdom","Full-Time","English","English","United Kingdom","England","English","Female","No"
"62b72b1189e501d5dce691fa","5ad9b1111771b700010a0f1a","APPROVED","2022-06-25 15:34:44.221000","2022-06-25 15:42:14.341000","450.12","27","360","6","98","2022-06-26 20:19:19.516000","91442ADD","United Kingdom","United Kingdom","Due to start a new job within the next month","English","English","United Kingdom","England","English","Female","No"
"62b72b16b429d8ae80400b24","627e79e832735d7aaa0b4684","APPROVED","2022-06-25 15:34:49.009000","2022-06-25 15:40:24.575000","335.566","30","52","0","100","2022-06-26 20:19:18.782000","91442ADD","United Kingdom","United Kingdom","Not in paid work (e.g. homemaker', 'retired or disabled)","English","English","United Kingdom","England","English","Female","No"
"62b72b2c672c864c671ffcfe","59a186775fd74b0001abf91e","APPROVED","2022-06-25 15:35:30.611000","2022-06-25 15:48:24.431000","773.82","41","567","15","96","2022-06-26 20:19:17.432000","91442ADD","United Kingdom","United Kingdom","Not in paid work (e.g. homemaker', 'retired or disabled)","English","English","United Kingdom","England","English","Female","No"
"62b72b3f5752e90c37c331fa","5ba7f8f5351c52000158a55b","APPROVED","2022-06-25 15:35:30.608000","2022-06-25 15:51:12.332000","941.724","37","469","7","98","2022-06-26 20:19:18.086000","91442ADD","United Kingdom","United Kingdom","Full-Time","English","Slovak, English","United Kingdom","England","English","Female","No"
"62b72b5c469f5f4e5a2cdba9","5f635e65b8a76e016178508a","APPROVED","2022-06-25 15:35:59.663000","2022-06-25 15:56:03.737000","1204.074","44","282","2","100","2022-06-26 20:19:16.465000","91442ADD","United Kingdom","United Kingdom","Full-Time","English","English","United Kingdom","England","English","Female","No"