session_id,participant_id,status,started_datetime,completed_date_time,time_taken,age,num_approvals,num_rejections,prolific_score,reviewed_at_datetime,entered_code,Country of Birth,Current Country of Residence,Employment Status,First Language,Fluent languages,Nationality,Nationality (UK),Primary Language,Sex,Student Status
629f1fd7944b96fef61739db,5ca9add36df02d000199a04b,REJECTED,2022-06-07 09:52:27.217000,2022-06-07 09:54:01.197000,93.98,48,201,5,98,2022-06-07 17:00:47.058000,NOCODE,United Kingdom,United Kingdom,Full-Time,English,English,United Kingdom,England,English,Female,Yes
629f20fdef225e10df514295,5e946bbcc6ec097a16d2bc22,REJECTED,2022-06-07 09:57:19.110000,2022-06-07 10:14:59.916000,1060.806,40,487,8,97,2022-06-07 17:01:07.891000,91442ADD,United Kingdom,United Kingdom,Part-Time,English,English,United Kingdom,England,English,Female,No
629f21849b3a00e5a2fe327e,5c995d54fd79e00001b8c3d6,APPROVED,2022-06-07 09:59:35.142000,2022-06-07 10:11:55.290000,740.148,24,78,1,100,2022-06-07 16:55:50.691000,91442ADD,United Kingdom,United Kingdom,Full-Time,English,English,United Kingdom,England,English,Female,No
629f221ae600587cd9ad8b6d,5fdbc3d733528a08fdb7cc57,RETURNED,2022-06-07 10:06:57.213000,,85515.790016,26,414,6,98,,,CONSENT REVOKED,CONSENT REVOKED,CONSENT REVOKED,CONSENT REVOKED,CONSENT REVOKED,CONSENT REVOKED,CONSENT REVOKED,CONSENT REVOKED,CONSENT REVOKED,CONSENT REVOKED
629f222d9fe26e3d457bbe1c,62865ca4065da13cdb1853de,APPROVED,2022-06-07 10:02:24.527000,2022-06-07 10:15:37.220000,792.693,33,12,2,92,2022-06-07 16:59:24.524000,91442ADD,United Kingdom,United Kingdom,Full-Time,English,English,United Kingdom,England,English,Male,No
629f222e401c04d587729b36,6110dc1dd7efb368663eb633,RETURNED,2022-06-07 10:02:25.787000,,85787.260542,25,234,1,100,,,CONSENT REVOKED,CONSENT REVOKED,CONSENT REVOKED,CONSENT REVOKED,CONSENT REVOKED,CONSENT REVOKED,CONSENT REVOKED,CONSENT REVOKED,CONSENT REVOKED,CONSENT REVOKED
629f2245ad662eadfc1dbd7b,60d3d1d337c621ff5e7ba61b,APPROVED,2022-06-07 10:04:31.426000,2022-06-07 10:15:24.482000,653.056,27,214,2,100,2022-06-07 16:57:46.431000,91442ADD,United Kingdom,United Kingdom,Full-Time,English,"English, Scots",United Kingdom,Scotland,English,Female,No
629f22465ccd0cc4eecbc020,5fbc69b5610c1913f3041a2c,APPROVED,2022-06-07 10:02:49.096000,2022-06-07 10:20:48.207000,1079.111,23,202,0,100,2022-06-07 16:57:22.776000,91442ADD,United Kingdom,United Kingdom,"Not in paid work (e.g. homemaker', 'retired or disabled)",English,English,United Kingdom,Scotland,English,Female,No
629f2264f1923840d5813837,5ec3eabec8f93307a60c5d1b,RETURNED,2022-06-07 10:03:27.593000,,85725.537789,24,485,1,100,,,CONSENT REVOKED,CONSENT REVOKED,CONSENT REVOKED,CONSENT REVOKED,CONSENT REVOKED,CONSENT REVOKED,CONSENT REVOKED,CONSENT REVOKED,CONSENT REVOKED,CONSENT REVOKED
629f226ce6e2b0b95c274c3e,5f5c9cd537f71148d341a0f2,RETURNED,2022-06-07 10:03:24.816000,,85728.33345,36,298,3,99,,,CONSENT REVOKED,CONSENT REVOKED,CONSENT REVOKED,CONSENT REVOKED,CONSENT REVOKED,CONSENT REVOKED,CONSENT REVOKED,CONSENT REVOKED,CONSENT REVOKED,CONSENT REVOKED
629f22b683d7fe56dd595103,61472b7245c652deca2b65ec,APPROVED,2022-06-07 10:04:42.926000,2022-06-07 10:25:05.678000,1222.752,57,62,1,100,2022-06-07 16:58:09.678000,91442ADD,United Kingdom,United Kingdom,Full-Time,English,English,United Kingdom,Scotland,English,Female,No
629f23635ccd0cc4eecbc030,6070388ecc8d1f63c6349b7b,RETURNED,2022-06-07 10:07:33.673000,,85479.516896,23,307,3,100,,,CONSENT REVOKED,CONSENT REVOKED,CONSENT REVOKED,CONSENT REVOKED,CONSENT REVOKED,CONSENT REVOKED,CONSENT REVOKED,CONSENT REVOKED,CONSENT REVOKED,CONSENT REVOKED
629f23807a5de6d2c11778d5,5adda6e5dee8590001b03397,REJECTED,2022-06-07 10:08:07.323000,2022-06-07 10:22:51.706000,884.383,36,534,10,97,2022-06-07 16:59:49.877000,91442ADD,United Kingdom,United Kingdom,"Not in paid work (e.g. homemaker', 'retired or disabled)",English,English,United Kingdom,England,English,Female,No
629f23fbc6fa03a534c607d1,5dcd750828792003fc23dc39,APPROVED,2022-06-07 10:10:31.464000,2022-06-07 10:21:22.526000,651.062,34,656,0,100,2022-06-07 16:56:26.942000,91442ADD,United Kingdom,Ireland,Full-Time,English,"English, Portuguese",United Kingdom,England,English,Male,No
629f25bd16073f705023d49d,5ec300b3f3df631383fb27e0,RETURNED,2022-06-07 10:18:30.105000,,84823.155878,21,119,0,100,,,CONSENT REVOKED,CONSENT REVOKED,CONSENT REVOKED,CONSENT REVOKED,CONSENT REVOKED,CONSENT REVOKED,CONSENT REVOKED,CONSENT REVOKED,CONSENT REVOKED,CONSENT REVOKED
629f2704160f26e1f6611dde,5adfaab95f327e0001fb8c8e,APPROVED,2022-06-07 10:23:03.240000,2022-06-07 10:32:30.776000,567.536,36,337,2,100,2022-06-07 16:55:20.312000,91442ADD,United Kingdom,United Kingdom,Part-Time,English,English,United Kingdom,England,English,Female,No
629f85329ae9e21d3e536d96,5d2db62ac45885001abf9ce3,RETURNED,2022-06-07 17:04:52.670000,,60440.63424,21,79,0,100,,,CONSENT REVOKED,CONSENT REVOKED,CONSENT REVOKED,CONSENT REVOKED,CONSENT REVOKED,CONSENT REVOKED,CONSENT REVOKED,CONSENT REVOKED,CONSENT REVOKED,CONSENT REVOKED
629f858c51dba25056670edb,614737a4f5b4c0a971902323,APPROVED,2022-06-07 17:07:19.350000,2022-06-07 17:25:58.993000,1119.643,34,399,0,100,2022-06-08 09:51:15.338000,91442ADD,United Kingdom,United Kingdom,Full-Time,English,English,United Kingdom,Scotland,English,Female,No
629f85928978b131946bb716,597c8c8737978a00016b49be,TIMED-OUT,2022-06-07 17:06:31.377000,,60341.974069,30,123,1,99,,,United Kingdom,United Kingdom,Part-Time,English,English,United Kingdom,England,English,Female,No
629f859ed6b00c0bfa00cb61,5fd77972af6d91086cb44dcd,APPROVED,2022-06-07 17:06:41.398000,2022-06-07 17:15:45.458000,544.06,43,68,2,99,2022-06-07 17:19:04.734000,91442ADD,United Kingdom,United Kingdom,Part-Time,English,English,United Kingdom,England,English,Female,Yes
629f95b05a3b1d211cb8e4ca,5f00702b5c375717c60bc745,APPROVED,2022-06-07 18:15:15.654000,2022-06-07 18:20:44.651000,328.997,52,554,6,99,2022-06-08 09:50:46.623000,91442ADD,United Kingdom,United Kingdom,Full-Time,English,English,United Kingdom,England,English,Female,No
