session_id,participant_id,status,started_datetime,completed_date_time,time_taken,age,num_approvals,num_rejections,prolific_score,reviewed_at_datetime,entered_code,Country of Birth,Current Country of Residence,Employment Status,First Language,Fluent languages,Nationality,Nationality (UK),Primary Language,Sex,Student Status
625824506018f5a717f6f6d8,5f1c3db4d208d903a55e5bd3,APPROVED,2022-04-14 13:40:36.548000,2022-04-14 13:50:35.518000,598.97,30,301,3,100,2022-04-14 14:41:35.589000,91442ADD,United Kingdom,United Kingdom,DATA EXPIRED,English,English,United Kingdom,England,English,Female,No
62582632730a2e51173f8fa9,60b92600f63b7181a71b0555,APPROVED,2022-04-14 13:48:37.077000,2022-04-14 14:08:47.403000,1210.326,27,150,0,100,2022-04-14 14:41:35.660000,91442ADD,United Kingdom,United Kingdom,Full-Time,English,English,United Kingdom,England,English,Female,No
625826ec2b3bf466b7dd805a,5999aa3805a0e30001f1ffa6,APPROVED,2022-04-14 13:51:44.136000,2022-04-14 14:13:27.555000,1303.419,33,207,1,100,2022-04-14 14:41:35.732000,91442ADD,United Kingdom,United Kingdom,Full-Time,English,English,United Kingdom,England,English,Female,No
625826fbbadb94679fdb7cad,597dee15d0ee10000197e286,APPROVED,2022-04-14 13:51:58.890000,2022-04-14 14:17:03.907000,1505.017,45,541,7,99,2022-04-14 14:41:35.799000,91442ADD,United Kingdom,United Kingdom,Part-Time,English,English,United Kingdom,England,English,Female,No
625827142bd0330ec4eec6ac,5855b0d59fcc070001dfe2a7,APPROVED,2022-04-14 13:52:23.511000,2022-04-14 14:06:06.163000,822.652,57,1194,5,100,2022-04-14 14:41:35.907000,91442ADD,United Kingdom,United Kingdom,Full-Time,English,"English, German, French",United Kingdom,England,English,Female,No
6258271a20444b8d14ff1f3a,5cb081ec992eae001846530b,APPROVED,2022-04-14 13:52:29.170000,2022-04-14 14:10:18.026000,1068.856,42,180,1,100,2022-04-14 14:41:35.990000,91442ADD,United Kingdom,United Kingdom,Unemployed (and job seeking),English,English,United Kingdom,England,English,Female,No
6258274df9410d211bccf02f,5e863dd05ae5fb2749124adc,APPROVED,2022-04-14 13:53:19.592000,2022-04-14 14:10:34.735000,1035.143,24,352,0,100,2022-04-14 14:41:36.066000,91442ADD,United Kingdom,United Kingdom,Full-Time,English,"Chinese, English",United Kingdom,England,English,Male,No
625827c246e433e5505e5566,60fd84d99168e4cd9d0d8e08,APPROVED,2022-04-14 13:55:17.071000,2022-04-14 14:08:19.495000,782.424,20,56,0,100,2022-04-14 14:41:36.158000,91442ADD,United Kingdom,United Kingdom,Part-Time,English,English,United Kingdom,England,English,Female,Yes
625827e777dd174677f20c54,6160b7d85ad795c43cbd9530,APPROVED,2022-04-14 13:55:54.390000,2022-04-14 14:12:16.600000,982.21,55,317,2,99,2022-04-14 14:41:36.278000,91442ADD,United Kingdom,United Kingdom,Part-Time,English,English,United Kingdom,England,English,Male,No
625828084df27b37bbc6cadf,608ad1364b6e1a2370964c9c,APPROVED,2022-04-14 13:56:27.704000,2022-04-14 14:05:17.450000,529.746,23,188,2,98,2022-04-14 14:41:36.377000,91442ADD,United Kingdom,United Kingdom,"Not in paid work (e.g. homemaker', 'retired or disabled)",English,English,United Kingdom,England,English,Male,No
