session_id,participant_id,status,started_datetime,completed_date_time,time_taken,age,num_approvals,num_rejections,prolific_score,reviewed_at_datetime,entered_code,Country of Birth,Current Country of Residence,Employment Status,First Language,Fluent languages,Nationality,Nationality (UK),Primary Language,Sex,Student Status
625818ae36da8a6e72b73c6e,5c8c20361bb19f00169d4f63,APPROVED,2022-04-14 12:50:56.887000,2022-04-14 12:56:36.783000,339.896,27,307,2,100,2022-04-14 14:30:28.583000,91442ADD,United Kingdom,United Kingdom,Full-Time,English,English,United Kingdom,England,English,Female,No
625819fcd05a7c0adba00c7f,6070837d813f1c577b2103ec,APPROVED,2022-04-14 12:56:33.630000,2022-04-14 13:12:19.882000,946.252,19,117,2,99,2022-04-14 14:30:28.008000,91442ADD,United Kingdom,United Kingdom,"Not in paid work (e.g. homemaker', 'retired or disabled)",English,English,United Kingdom,England,English,Female,Yes
62581a490a26ec80055c0c1b,613a323534fbaaf74283f435,APPROVED,2022-04-14 12:57:50.349000,2022-04-14 13:12:51.453000,901.104,30,113,1,100,2022-04-14 14:30:26.792000,91442ADD,United Kingdom,United Kingdom,Full-Time,English,English,United Kingdom,England,English,Female,No
62581a4ac7d8eda8d31d4d15,601867fe8e5c370dbff4fcef,APPROVED,2022-04-14 12:57:53.645000,2022-04-14 13:04:54.491000,420.846,23,249,1,100,2022-04-14 14:30:26.464000,91442ADD,United Kingdom,United Kingdom,Part-Time,English,English,United Kingdom,England,English,Female,No
62581aa7082840b374cc66c6,5f901c39da08ae0598da82d5,APPROVED,2022-04-14 12:59:23.741000,2022-04-14 13:10:35.911000,672.17,49,289,0,100,2022-04-14 14:30:25.074000,91442ADD,Canada,France,Part-Time,English,English,United Kingdom,England,English,Female,No
62581ab93dcd2099476fe51a,5da85283b5c28d00177458ba,RETURNED,2022-04-14 12:59:43.411000,,5453.462906,73,506,8,97,,,CONSENT REVOKED,CONSENT REVOKED,CONSENT REVOKED,CONSENT REVOKED,CONSENT REVOKED,CONSENT REVOKED,CONSENT REVOKED,CONSENT REVOKED,CONSENT REVOKED,CONSENT REVOKED
62581ad0ea353dcd3b680760,610533112a76014519194fea,APPROVED,2022-04-14 13:00:02.611000,2022-04-14 13:07:03.254000,420.643,18,106,1,100,2022-04-14 14:30:23.687000,91442ADD,United Kingdom,United Kingdom,Unemployed (and job seeking),English,English,United Kingdom,England,English,Female,Yes
62581b2e609ff5e4628fa248,5d95043f8e949c001680ef13,APPROVED,2022-04-14 13:01:38.096000,2022-04-14 13:12:49.841000,671.745,49,366,3,100,2022-04-14 14:30:22.992000,91442ADD,United Kingdom,United Kingdom,"Not in paid work (e.g. homemaker', 'retired or disabled)",English,English,United Kingdom,England,English,Female,No
62581b5ae063745f87cac100,59facf9ba764fc000135fb78,TIMED-OUT,2022-04-14 13:02:21.852000,,5295.079856,52,272,11,94,,,United Kingdom,United Kingdom,Full-Time,English,English,United Kingdom,England,English,Female,No
62581b8e7de7d73a1bd0bc5c,5fd7c24af6c81206248add88,APPROVED,2022-04-14 13:03:15.100000,2022-04-14 13:18:53.632000,938.532,38,178,1,100,2022-04-14 14:30:21.353000,91442ADD,United Kingdom,United Kingdom,Full-Time,English,English,United Kingdom,England,English,Female,No
62581c24c1495b54fe0b5983,5aa91bb86475f90001a07cc5,APPROVED,2022-04-14 13:05:42.532000,2022-04-14 13:17:54.949000,732.417,37,160,1,100,2022-04-14 14:30:20.312000,91442ADD,United Kingdom,United Kingdom,Part-Time,English,English,United Kingdom,England,English,Female,No
62582c75c78d5ef49a830ca4,5e346dedaf532102529ce9da,APPROVED,2022-04-14 14:15:24.923000,2022-04-14 14:22:19.481000,414.558,20,347,0,100,2022-04-14 14:30:19.136000,91442ADD,United Kingdom,United Kingdom,Other,English,English,United Kingdom,England,English,Female,Yes
