session_id,participant_id,status,started_datetime,completed_date_time,time_taken,age,num_approvals,num_rejections,prolific_score,reviewed_at_datetime,entered_code,Country of Birth,Current Country of Residence,Employment Status,First Language,Fluent languages,Nationality,Nationality (UK),Primary Language,Sex,Student Status
62aafff9582fa4455d54fcf1,61004b67bc8807a3cad626ff,APPROVED,2022-06-16 10:03:40.512000,2022-06-16 10:18:12.021000,871.509,36,256,0,100,2022-06-23 12:32:35.853000,91442ADD,United Kingdom,United Kingdom,Full-Time,English,English,United Kingdom,England,English,Female,No
62ab00322f2d2c3e5243401e,59269aac7724de000109190f,APPROVED,2022-06-16 10:04:39.248000,2022-06-16 10:14:23.150000,583.902,31,926,7,99,2022-06-23 12:32:34.438000,91442ADD,United Kingdom,United Kingdom,"Not in paid work (e.g. homemaker', 'retired or disabled)",English,English,United Kingdom,England,English,Female,No
62ab005ab19a700cdf37e61b,5bf93317f5e39d000152b220,RETURNED,2022-06-16 10:05:19.717000,,613657.766655,78,634,4,99,,,CONSENT REVOKED,CONSENT REVOKED,CONSENT REVOKED,CONSENT REVOKED,CONSENT REVOKED,CONSENT REVOKED,CONSENT REVOKED,CONSENT REVOKED,CONSENT REVOKED,CONSENT REVOKED
62ab0069d01e24b1b0754b93,5b6b2a28595041000164d590,APPROVED,2022-06-16 10:05:31.999000,2022-06-16 10:21:47.180000,975.181,35,132,0,100,2022-06-23 12:32:32.598000,91442ADD,United Kingdom,United Kingdom,Full-Time,English,English,United Kingdom,England,English,Female,No
62ab009facc174e604904c3f,581ba6684182b600017306fa,APPROVED,2022-06-16 10:08:42.903000,2022-06-16 10:20:22.353000,699.45,42,936,6,100,2022-06-23 12:32:26.831000,91442ADD,United Kingdom,United Kingdom,Full-Time,English,English,United Kingdom,England,English,Female,No
62ab00ddb243e69c7647041d,612a3d97a2cc259f7ff9b580,APPROVED,2022-06-16 10:07:31.114000,2022-06-16 10:27:06.432000,1175.318,56,204,0,100,2022-06-23 12:32:32.224000,91442ADD,United Kingdom,United Kingdom,Full-Time,English,English,United Kingdom,England,English,Male,No
62ab0118797bbfb72d2bd609,5e57e67bb836e0000d222062,APPROVED,2022-06-16 10:08:28.122000,2022-06-16 10:25:55.661000,1047.539,56,734,7,99,2022-06-23 12:32:31.083000,91442ADD,United Kingdom,United Kingdom,"Not in paid work (e.g. homemaker', 'retired or disabled)",English,English,United Kingdom,England,English,Female,Yes
62ab01205fb426c18fc14628,5bad1d74d4d34100017cd193,APPROVED,2022-06-16 10:08:32.868000,2022-06-16 10:22:40.492000,847.624,55,544,1,100,2022-06-23 12:32:30.321000,91442ADD,United Kingdom,United Kingdom,Full-Time,English,English,United Kingdom,England,English,Male,No
62ab012b9905c82627c24135,5de3d4fc1d61c93cd498bb92,APPROVED,2022-06-16 10:08:48.343000,2022-06-16 10:33:10.458000,1462.115,49,811,0,100,2022-06-23 12:32:25.941000,91442ADD,United Kingdom,United Kingdom,Unemployed (and job seeking),English,English,United Kingdom,England,English,Male,No
62ab016cd01e24b1b0754b9c,595bb6ce647a040001dd300c,TIMED-OUT,2022-06-16 10:09:51.472000,,613386.117848,31,341,11,96,,,United Kingdom,United Kingdom,Full-Time,English,English,United Kingdom,England,English,Female,No
62ab033921fc6cc4645c5e8f,5eac8da06e45b62f3939a76c,RETURNED,2022-06-16 10:17:34.316000,,612923.287981,42,793,3,100,,,CONSENT REVOKED,CONSENT REVOKED,CONSENT REVOKED,CONSENT REVOKED,CONSENT REVOKED,CONSENT REVOKED,CONSENT REVOKED,CONSENT REVOKED,CONSENT REVOKED,CONSENT REVOKED
62ab035e845ea3f5990eb6b7,5adf82eaf9edeb0001463d09,APPROVED,2022-06-16 10:18:09.710000,2022-06-16 10:29:24.597000,674.887,38,165,1,100,2022-06-23 12:32:23.917000,91442ADD,United Kingdom,United Kingdom,Full-Time,English,English,United Kingdom,Scotland,English,Female,Yes
62ab14404cd048b52ae53e36,5f7f93d23baaf8161cd10edd,APPROVED,2022-06-16 11:30:08.925000,2022-06-16 11:36:29.649000,380.724,23,439,2,100,2022-06-23 12:32:22.164000,91442ADD,United Kingdom,Poland,Full-Time,English,"English, German, Dutch, Norwegian",United Kingdom,England,"English, Polish",Male,Yes
