"session_id","participant_id","status","started_datetime","completed_date_time","time_taken","age","num_approvals","num_rejections","prolific_score","reviewed_at_datetime","entered_code","Country of Birth","Current Country of Residence","Employment Status","First Language","Fluent languages","Nationality","Nationality (UK)","Primary Language","Sex","Student Status"
"62b72d68572b30512e5def5f","5daf2a819975f80017854c2c","REJECTED","2022-06-25 15:44:43.835000","2022-06-25 16:05:48.711000","1264.876","35","210","3","99","2022-06-28 15:47:40.489000","91442ADD","United Kingdom","United Kingdom","Part-Time","English","English","United Kingdom","England","English","Female","No"
"62b72d74875957a2a5c579e6","60f2dd514eb84812f627fa7e","REJECTED","2022-06-25 15:44:59.165000","2022-06-25 15:53:06.106000","486.941","47","530","2","100","2022-06-28 15:50:23.697000","91442ADD","United Kingdom","United Kingdom","Full-Time","English","English","United Kingdom","England","English","Male","No"
"62b72dcf48994f67881c5766","60705ec072fce615131f89aa","APPROVED","2022-06-25 15:46:27.184000","2022-06-25 15:53:21.987000","414.803","41","164","2","100","2022-06-28 15:50:40.027000","91442ADD","United Kingdom","United Kingdom","Full-Time","English","English","United Kingdom","Scotland","English","Male","No"
"62b72e05ed8233744bdffc55","60ae648439ae911bc987c73f","REJECTED","2022-06-25 15:47:21.268000","2022-06-25 16:00:01.582000","760.314","66","348","4","98","2022-06-28 15:49:54.583000","91442ADD","Australia","United Kingdom","Not in paid work (e.g. homemaker', 'retired or disabled)","English","English","United Kingdom","England","English","Male","No"
"62b72f334ead6016d53414fa","5d0806849fa4ad0018638a46","APPROVED","2022-06-25 15:52:22.819000","2022-06-25 16:07:46.104000","923.285","52","760","0","100","2022-06-28 15:50:38.249000","91442ADD","United Kingdom","United Kingdom","Full-Time","English","English","United Kingdom","England","English","Female","No"
"62b72f65d23eb4af2a8fa23a","5e36f262185582000ae281b4","REJECTED","2022-06-25 15:53:09.913000","2022-06-25 16:13:27.310000","1217.397","55","757","4","100","2022-06-28 15:48:07.314000","91442ADD","United Kingdom","United Kingdom","Full-Time","English","English","United Kingdom","England","English","Female","No"
"62b72f6fe7741f3f3f704661","5c5fe0c18e931700011f9f55","APPROVED","2022-06-25 15:53:22.268000","2022-06-25 15:59:29.970000","367.702","38","605","4","99","2022-06-28 15:50:36.215000","91442ADD","United Kingdom","United Kingdom","Not in paid work (e.g. homemaker', 'retired or disabled)","English","English","United Kingdom","England","English","Female","No"
"62b72f7d228d1b70dba39e8b","613b59f7cf0783b4487f0f77","APPROVED","2022-06-25 15:53:35.610000","2022-06-25 16:02:04.973000","509.363","32","219","1","100","2022-06-28 15:50:35.078000","91442ADD","United Kingdom","United Kingdom","Full-Time","English","English","United Kingdom","England","English","Female","No"
"62b72f85d99aedffd0a89dda","5ee88ac870e42201873816b1","APPROVED","2022-06-25 15:53:46.609000","2022-06-25 15:59:45.019000","358.41","24","178","0","100","2022-06-28 15:50:33.547000","91442ADD","United Kingdom","United Kingdom","Full-Time","English","English","United Kingdom","England","English","Male","No"
"62b72f8c38e841d84f9b90f9","5bc5f36b8d83e10001724601","APPROVED","2022-06-25 15:53:55.685000","2022-06-25 16:11:06.707000","1031.022","53","1185","4","100","2022-06-28 15:50:28.963000","91442ADD","United Kingdom","United Kingdom","Not in paid work (e.g. homemaker', 'retired or disabled)","English","English","United Kingdom","England","English","Female","No"
"62bb238f17587b93eec0c601","6165b9230b094462bbe4900e","APPROVED","2022-06-28 15:51:48.073000","2022-06-28 16:01:02.397000","554.324","36","108","0","100","","91442ADD","United Kingdom","United Kingdom","Full-Time","English","English","United Kingdom","England","English","Female","No"
"62bb2410a9f9da2f637e4b04","611eb9688a09635305699ecf","RETURNED","2022-06-28 15:53:55.157000","","58188.843702","28","258","2","100","","","CONSENT REVOKED","CONSENT REVOKED","CONSENT REVOKED","CONSENT REVOKED","CONSENT REVOKED","CONSENT REVOKED","CONSENT REVOKED","CONSENT REVOKED","CONSENT REVOKED","CONSENT REVOKED"
"62bb2454af64d9a84a2f00ee","6108733fbe5e533cdb46e7af","APPROVED","2022-06-28 15:56:53.665000","2022-06-28 16:08:26.965000","693.3","20","110","4","95","","91442ADD","United Kingdom","United Kingdom","Unemployed (and job seeking)","English","English, Gujarati","United Kingdom","England","English","Female","Yes"
"62bb248223cff022774cfe37","5f2c7c26a3a376146977ace4","APPROVED","2022-06-28 15:55:48.782000","2022-06-28 16:05:25.104000","576.322","23","99","1","100","2022-06-28 18:53:09.072000","91442ADD","United Kingdom","United Kingdom","Part-Time","English","English","United Kingdom","England","English","Female","No"
"62bb24c3a5279f955d8f78d1","5e5b5b3deed16e341453d771","APPROVED","2022-06-28 15:56:54.858000","2022-06-28 16:11:56.768000","901.91","41","242","1","100","2022-06-28 18:51:02.447000","91442ADD","United Kingdom","United Kingdom","Full-Time","English","English","United Kingdom","England","English","Female","No"