"session_id","participant_id","status","started_datetime","completed_date_time","time_taken","age","num_approvals","num_rejections","prolific_score","reviewed_at_datetime","entered_code","Country of Birth","Current Country of Residence","Employment Status","First Language","Fluent languages","Nationality","Nationality (UK)","Primary Language","Sex","Student Status"
"62b7283cea1edbe6283f02bd","5f4a51981e77f004cc1a0b64","REJECTED","2022-06-25 15:22:39.866000","2022-06-25 15:36:20.561000","820.695","24","177","5","96","2022-06-28 20:11:23.100000","91442ADD","United Kingdom","United Kingdom","Full-Time","English","English","United Kingdom","England","English","Female","No"
"62b728b088903f87b90c5796","59bede4d49d8ac0001c30998","REJECTED","2022-06-25 15:24:40.329000","2022-06-25 15:38:37.949000","837.62","42","601","12","96","2022-06-28 20:09:36.994000","91442ADD","United Kingdom","United Kingdom","Part-Time","English","English","United Kingdom","England","English","Female","No"
"62b728cc4aa2d40aee704679","61587f16e25d1946774ea99a","APPROVED","2022-06-25 15:25:00.698000","2022-06-25 15:42:46.903000","1066.205","46","352","1","100","2022-06-28 20:13:22.245000","91442ADD","United Kingdom","Ireland","Full-Time","English","English","United Kingdom","England","English","Male","No"
"62b72a1cad221da290bb689f","5c67d319dcdfb700014b065f","APPROVED","2022-06-25 15:31:11.935000","2022-06-25 15:45:16.418000","844.483","45","588","3","100","2022-06-28 20:13:21.223000","91442ADD","United Kingdom","United Kingdom","Part-Time","English","English","United Kingdom","England","English","Male","No"
"62b72abf2dbfb86e1f1a985f","5e4c4949d7a02705c4f70ebb","APPROVED","2022-06-25 15:33:22.524000","2022-06-25 15:47:06.497000","823.973","23","149","5","97","2022-06-28 20:13:20.337000","91442ADD","United Kingdom","United Kingdom","Full-Time","English","English","United Kingdom","England","English","Female","No"
"62b72c30cc1cdc34a2ed065d","5fedc499d92c4a83e5d18e93","APPROVED","2022-06-25 15:39:32.174000","2022-06-25 15:56:24.230000","1012.056","58","514","1","100","2022-06-28 20:13:19.012000","91442ADD","United Kingdom","United Kingdom","DATA EXPIRED","English","English, French, Spanish","United Kingdom","Northern Ireland","English","Female","No"
"62b72c8906a7077c8e2573fa","61425b7f7ad4b81adfb89c97","APPROVED","2022-06-25 15:41:01.404000","2022-06-25 16:04:27.673000","1406.269","29","137","0","100","2022-06-28 20:13:18.389000","91442ADD","United Kingdom","United Kingdom","Not in paid work (e.g. homemaker', 'retired or disabled)","English","English","United Kingdom","England","English","Female","No"
"62b72ce638fbebb76ff14a80","5ad9b1111771b700010a0f1a","APPROVED","2022-06-25 15:42:33.071000","2022-06-25 15:50:21.868000","468.797","27","361","6","98","2022-06-28 20:13:16.623000","91442ADD","United Kingdom","United Kingdom","Due to start a new job within the next month","English","English","United Kingdom","England","English","Female","No"
"62b72e14afc4e28515170f4a","5c69aa58a70f0f0001606d01","REJECTED","2022-06-25 15:47:37.005000","2022-06-25 15:56:27.725000","530.72","50","286","4","98","2022-06-28 20:10:43.050000","91442ADD","United Kingdom","United Kingdom","Full-Time","English","English","United Kingdom","England","English","Female","No"
"62b72e32d10027ed25f6cc4c","59836c8b06cd1f0001f8e111","REJECTED","2022-06-25 15:48:08.949000","2022-06-25 16:07:03.845000","1134.896","40","468","8","97","2022-06-28 20:08:29.701000","91442ADD","United Kingdom","United Kingdom","Part-Time","English","English","United Kingdom","England","English","Female","No"
"62bb613e3aa7dc1022d3e420","5ff5da3a3b6fbb0a6e2b6bfc","RETURNED","2022-06-28 20:14:55.938000","2022-06-28 20:29:20.248000","864.31","19","155","0","100","","91442ADD","CONSENT REVOKED","CONSENT REVOKED","CONSENT REVOKED","CONSENT REVOKED","CONSENT REVOKED","CONSENT REVOKED","CONSENT REVOKED","CONSENT REVOKED","CONSENT REVOKED","CONSENT REVOKED"
"62bb6171e6cb95c5b099c187","604d249b7706d887cc657276","RETURNED","2022-06-28 20:15:57.807000","","43199.641461","21","124","4","97","","","CONSENT REVOKED","CONSENT REVOKED","CONSENT REVOKED","CONSENT REVOKED","CONSENT REVOKED","CONSENT REVOKED","CONSENT REVOKED","CONSENT REVOKED","CONSENT REVOKED","CONSENT REVOKED"
"62bb61902a33a941454df57d","6236200bc230bf8edf5179c2","RETURNED","2022-06-28 20:27:00.058000","","42537.405642","48","7","0","100","","","CONSENT REVOKED","CONSENT REVOKED","CONSENT REVOKED","CONSENT REVOKED","CONSENT REVOKED","CONSENT REVOKED","CONSENT REVOKED","CONSENT REVOKED","CONSENT REVOKED","CONSENT REVOKED"
"62bb61ab2644812b2d2f00ec","59988b453c366e00019de0a4","APPROVED","2022-06-28 20:16:50.315000","2022-06-28 20:31:28.692000","878.377","36","782","16","97","","91442ADD","United Kingdom","United Kingdom","Part-Time","English","English","United Kingdom","England","English","Female","No"
"62bb626e625190d23e668d05","6173d533c598f48b5cbbd074","APPROVED","2022-06-28 20:20:00.503000","2022-06-28 20:29:00.118000","539.615","28","104","2","99","","91442ADD","United Kingdom","United Kingdom","Full-Time","English","English","United Kingdom","England","English","Female","Yes"
"62bb6442f660cd4461c11ceb","5fb402c2ce203a01686cf33a","APPROVED","2022-06-28 20:28:23.104000","2022-06-28 20:47:18.676000","1135.572","21","259","3","99","2022-06-28 20:53:10.419000","91442ADD","United Kingdom","United Kingdom","Other","English","English","United Kingdom","England","English","Female","Yes"
"62bc05f9a5f8c8f06a15c7df","62a0de11fe1eb0f5e7a97389","APPROVED","2022-06-29 07:57:51.059000","2022-06-29 08:13:31.172000","940.113","51","10","0","100","2022-06-29 08:15:05.530000","91442ADD","United Kingdom","United Kingdom","Full-Time","English","English","United Kingdom","Scotland","English","Male","No"