"session_id","participant_id","status","started_datetime","completed_date_time","time_taken","age","num_approvals","num_rejections","prolific_score","reviewed_at_datetime","entered_code","Country of Birth","Current Country of Residence","Employment Status","First Language","Fluent languages","Nationality","Nationality (UK)","Primary Language","Sex","Student Status"
"62b729ebef0fffd46d7630ad","5a52b20f8e62590001757fad","APPROVED","2022-06-25 15:29:49.876000","2022-06-25 15:52:26.392000","1356.516","41","189","4","98","2022-06-26 20:38:22.201000","91442ADD","United Kingdom","United Kingdom","Full-Time","English","English","United Kingdom","Northern Ireland","English","Male","Yes"
"62b72ad5f8a0df6ad7e691cf","5eadc384e00264461f74d7c8","APPROVED","2022-06-25 15:33:56.038000","2022-06-25 15:50:38.203000","1002.165","48","811","2","100","2022-06-26 20:38:18.058000","91442ADD","United Kingdom","United Kingdom","Full-Time","English","English","United Kingdom","England","English","Female","No"
"62b72afef3a3ebee87d922c4","5bf323f866dc510001b309fa","REJECTED","2022-06-25 15:34:25.882000","2022-06-25 15:45:14.278000","648.396","26","111","2","99","2022-06-26 20:36:58.002000","91442ADD","United Kingdom","United Kingdom","Unemployed (and job seeking)","English","English","United Kingdom","England","English","Male","Yes"
"62b72b530c0ff30ecf5f2a60","5f8351e305d2664b42d85c33","APPROVED","2022-06-25 15:35:52.205000","2022-06-25 15:56:38.858000","1246.653","51","249","2","100","2022-06-26 20:38:16.579000","91442ADD","United Kingdom","United Kingdom","Part-Time","English","English","United Kingdom","England","English","Female","No"
"62b72b94d0de94443258ca4f","60a0067f943f8d336ec80fa1","APPROVED","2022-06-25 15:36:55.526000","2022-06-25 15:44:04.139000","428.613","26","231","3","98","2022-06-26 20:38:15.649000","91442ADD","United Kingdom","United Kingdom","Other","English","English","United Kingdom","Scotland","English","Female","No"
"62b72ba6174af30c10c579d0","5bef14ec21057a000140922a","RETURNED","2022-06-25 15:37:13.168000","","317938.302938","52","758","5","100","","","CONSENT REVOKED","CONSENT REVOKED","CONSENT REVOKED","CONSENT REVOKED","CONSENT REVOKED","CONSENT REVOKED","CONSENT REVOKED","CONSENT REVOKED","CONSENT REVOKED","CONSENT REVOKED"
"62b72bb264b6cde1f63414fc","5bbbc48ba084d60001d03e66","APPROVED","2022-06-25 15:37:27.430000","2022-06-25 15:46:35.699000","548.269","22","234","1","100","2022-06-26 20:38:14.514000","91442ADD","United Kingdom","United Kingdom","Full-Time","English","English","United Kingdom","England","English","Male","Yes"
"62b72bb6eda324d1da9b90dc","5cd86c0731d19f0001425a89","APPROVED","2022-06-25 15:37:31.141000","2022-06-25 16:03:26.951000","1555.81","36","401","2","100","2022-06-26 20:38:13.485000","91442ADD","United Kingdom","United Kingdom","Part-Time","English","English","United Kingdom","England","English","Female","No"
"62b72bb80c0b58abaadffc64","5cd6c6fd987ddd00187b79fd","RETURNED","2022-06-25 15:37:31.103000","","317920.406878","28","1108","1","100","","","CONSENT REVOKED","CONSENT REVOKED","CONSENT REVOKED","CONSENT REVOKED","CONSENT REVOKED","CONSENT REVOKED","CONSENT REVOKED","CONSENT REVOKED","CONSENT REVOKED","CONSENT REVOKED"
"62b72bc655b8c9dd153fc277","5ba17c2d6d7a520001bfabae","REJECTED","2022-06-25 15:37:42.572000","2022-06-25 15:58:44.089000","1261.517","49","1106","4","100","2022-06-26 20:34:57.955000","91442ADD","United Kingdom","United Kingdom","Full-Time","English","English","United Kingdom","England","English","Female","No"
"62b72bef11892d6f9e3fc261","5e1769fb068b44034b2dc3b8","APPROVED","2022-06-25 15:38:27.445000","2022-06-25 15:52:24.597000","837.152","57","337","2","100","2022-06-26 20:38:12.293000","91442ADD","United Kingdom","United Kingdom","Part-Time","English","English","United Kingdom","England","English","Female","No"
"62b72d1d6520d6bebd13ab0e","61587f16e25d1946774ea99a","APPROVED","2022-06-25 15:43:31.271000","2022-06-25 15:56:18.774000","767.503","46","352","1","100","2022-06-26 20:38:12.173000","91442ADD","United Kingdom","Ireland","Full-Time","English","English","United Kingdom","England","English","Male","No"
"62b8c455f3a1b1153af6cc5e","5cdbfeab561ebb0001d982f7","APPROVED","2022-06-26 20:40:58.256000","2022-06-26 20:58:28.986000","1050.73","30","155","0","100","2022-06-28 09:31:00.696000","91442ADD","United Kingdom","United Kingdom","Full-Time","English","English","United Kingdom","England","English","Female","No"
"62b8c4b967b8571fc83fc254","5d012374106b92001ba0b24b","REJECTED","2022-06-26 20:42:41.865000","2022-06-26 21:24:03.099000","2481.234","54","506","7","97","2022-06-27 10:00:19.642000","91442ADD","United Kingdom","United Kingdom","Not in paid work (e.g. homemaker', 'retired or disabled)","English","English","United Kingdom","Wales","English","Female","No"
"62bacb652d36ad56403dc60b","5e875610cdb0db3a3f931b37","REJECTED","2022-06-28 09:35:37.906000","2022-06-28 09:56:12.265000","1234.359","32","156","2","98","2022-06-28 09:58:29.670000","91442ADD","United Kingdom","United Kingdom","Full-Time","English","English","United Kingdom","Scotland","English","Male","DATA EXPIRED"
"62bad0e7e65bb79b1bec4dc4","5bb5f664ac45e6000130ab69","APPROVED","2022-06-28 09:59:16.419000","2022-06-28 10:10:13.261000","656.842","35","405","1","100","","91442ADD","United Kingdom","United Kingdom","Part-Time","English","English","United Kingdom","England","English","Female","No"