"session_id","participant_id","status","started_datetime","completed_date_time","time_taken","age","num_approvals","num_rejections","prolific_score","reviewed_at_datetime","entered_code","Country of Birth","Current Country of Residence","Employment Status","First Language","Fluent languages","Nationality","Nationality (UK)","Primary Language","Sex","Student Status"
"624d9e45740c5e143bacf614","5be494d022380b0001491336","APPROVED","2022-04-06 14:05:59.557000","2022-04-06 14:16:05.711000","606.154","26","253","3","99","2022-04-06 14:37:17.249000","NOCODE","United Kingdom","United Kingdom","Full-Time","English","English","United Kingdom","England","English","Female","No"
"624d9e8267b4b586e44f009f","61017977184be1b1d2a89218","APPROVED","2022-04-06 14:07:09.923000","2022-04-06 14:26:55.471000","1185.548","67","126","4","95","2022-04-09 05:03:40.393000","NOCODE","United Kingdom","United Kingdom","Not in paid work (e.g. homemaker', 'retired or disabled)","English","English","United Kingdom","England","English","Female","No"
"624d9ed1bfebb8f1f3dfec33","5d51ad87e02e5500182bb86e","APPROVED","2022-04-06 14:08:22.523000","2022-04-06 14:19:45.795000","683.272","62","516","5","99","2022-04-06 14:36:38.599000","NOCODE","United Kingdom","United Kingdom","Not in paid work (e.g. homemaker', 'retired or disabled)","English","English","United Kingdom","England","English","Female","No"
"624d9f1af38dd8e6addf80d8","61471cd088a1bf4e477c4f23","APPROVED","2022-04-06 14:09:34.796000","2022-04-06 14:27:22.888000","1068.092","41","86","2","98","2022-04-06 14:47:46.986000","NOCODE","United Kingdom","United Kingdom","Part-Time","English","English","United Kingdom","England","English","Female","No"
"624d9f468edcdb75cf38375c","5c1a5d63b394dd0001e2a367","RETURNED","2022-04-06 14:10:17.654000","","227130.298578","25","198","4","98","","","CONSENT REVOKED","CONSENT REVOKED","CONSENT REVOKED","CONSENT REVOKED","CONSENT REVOKED","CONSENT REVOKED","CONSENT REVOKED","CONSENT REVOKED","CONSENT REVOKED","CONSENT REVOKED"
"624d9f4f34a65abe2dccb962","5cc738beccedf40015cad7b6","APPROVED","2022-04-06 14:10:29.308000","2022-04-06 14:26:00.856000","931.548","51","380","3","99","2022-04-06 14:42:43.205000","NOCODE","United Kingdom","United Kingdom","Not in paid work (e.g. homemaker', 'retired or disabled)","English","English","United Kingdom","England","English","Female","No"
"624d9f586582824a3a70c12a","5eabfd03f43b441ff1d5c185","RETURNED","2022-04-06 14:10:43.986000","","227103.994754","61","429","0","100","","","CONSENT REVOKED","CONSENT REVOKED","CONSENT REVOKED","CONSENT REVOKED","CONSENT REVOKED","CONSENT REVOKED","CONSENT REVOKED","CONSENT REVOKED","CONSENT REVOKED","CONSENT REVOKED"
"624d9f8af39eaf4587071d6b","5a5008b176d1c60001aa952a","APPROVED","2022-04-06 14:11:28.307000","2022-04-06 14:19:55.808000","507.501","36","492","4","98","2022-04-09 05:04:03.545000","NOCODE","United Kingdom","United Kingdom","Full-Time","English","English","United Kingdom","England","English","Female","No"
"624d9fba22480bbbf7a2c2a5","600b00d70c3b950f03a25bd1","APPROVED","2022-04-06 14:12:21.951000","2022-04-06 14:33:33.897000","1271.946","58","269","4","97","2022-04-06 14:44:59.092000","NOCODE","United Kingdom","Greece","Not in paid work (e.g. homemaker', 'retired or disabled)","English","English","United Kingdom","England","English","Female","No"
"624d9fc667d72e3326ab8304","60e16bd5f077850261b61d69","APPROVED","2022-04-06 14:12:26.051000","2022-04-06 14:25:41.048000","794.997","45","201","1","100","2022-04-06 14:45:40.030000","NOCODE","United Kingdom","United Kingdom","Part-Time","English","English","United Kingdom","England","English","Female","No"
"624da0b2ecc17464f5835dd1","60f966fc802646516aa4bb21","TIMED-OUT","2022-04-06 14:16:27.138000","","226760.900724","33","119","1","100","","","United Kingdom","United Kingdom","Full-Time","English","English","United Kingdom","England","English","Male","No"
"624da0b5830bbb325145a9a5","610b8b691690276720e7833d","APPROVED","2022-04-06 14:16:25.959000","2022-04-06 14:29:19.441000","773.482","30","116","3","96","2022-04-06 14:47:10.628000","NOCODE","United Kingdom","United Kingdom","Part-Time","English","English","United Kingdom","England","English","Female","Yes"
"624da0c833b9f538c53fa595","5d6146ddfcc3cb0001f9b960","APPROVED","2022-04-06 14:16:40.768000","2022-04-06 14:31:42.048000","901.28","28","220","0","100","2022-04-06 14:44:04.985000","NOCODE","United Kingdom","United Kingdom","Other","English","English","United Kingdom","England","English","Female","No"
"624da140c7731fc38f7218c8","57b77ad86615e5000160ea97","REJECTED","2022-04-06 14:18:43.535000","2022-04-06 14:32:58.733000","855.198","32","120","3","99","2022-04-06 14:41:01.627000","NOCODE","United Kingdom","United Kingdom","Full-Time","English","English","United Kingdom","England","English","Female","No"
"624da1625104e53946042a00","5e831dfa79f7fb000c708f84","RETURNED","2022-04-06 14:19:17.901000","","226590.193138","26","464","0","100","","","CONSENT REVOKED","CONSENT REVOKED","CONSENT REVOKED","CONSENT REVOKED","CONSENT REVOKED","CONSENT REVOKED","CONSENT REVOKED","CONSENT REVOKED","CONSENT REVOKED","CONSENT REVOKED"
"624da1647994d9745d036889","5cb5d4155e8cd100018330a0","REJECTED","2022-04-06 14:19:18.232000","2022-04-06 14:36:15.511000","1017.279","25","448","4","98","2022-04-06 14:41:42.361000","NOCODE","United Kingdom","United Kingdom","Full-Time","English","English","United Kingdom","England","English","Male","No"
"624da165454e793d59716c98","61090a2f9a9df0c7536b60e3","REJECTED","2022-04-06 14:19:20.182000","2022-04-06 14:39:42.792000","1222.61","46","181","1","100","2022-04-06 14:49:47.873000","NOCODE","United Kingdom","United Kingdom","Due to start a new job within the next month","English","English","United Kingdom","England","English","Male","No"
"624da24fb88e436d1a9d77f9","5da352abffef8000150eca23","REJECTED","2022-04-06 14:23:15.834000","2022-04-06 14:40:53.997000","1058.163","67","233","6","95","2022-04-06 14:49:06.148000","NOCODE","United Kingdom","United Kingdom","Full-Time","English","English","United Kingdom","England","English","Female","No"
"624db20170e31917b06647db","6148453757d9465bbb32bd02","REJECTED","2022-04-06 15:30:15.308000","2022-04-06 15:41:31.272000","675.964","30","220","2","100","2022-04-09 05:04:52.894000","NOCODE","United Kingdom","United Kingdom","Full-Time","English","English","United Kingdom","England","English, French, Scots, Spanish, Welsh","Female","Yes"