session_id,participant_id,status,started_datetime,completed_date_time,time_taken,age,num_approvals,num_rejections,prolific_score,reviewed_at_datetime,entered_code,Country of Birth,Current Country of Residence,Employment Status,First Language,Fluent languages,Nationality,Nationality (UK),Primary Language,Sex,Student Status
62ab01b3d0fa64ae1e9810d9,5966f6c744b2d20001defeec,APPROVED,2022-06-16 10:11:01.426000,2022-06-16 10:22:39.170000,697.744,40,244,1,100,2022-06-23 16:42:23.718000,91442ADD,United Kingdom,United Kingdom,Full-Time,English,English,United Kingdom,England,English,Female,Yes
62ab0449e3499dbf9706bdf0,5e8d96efe32229018dec69dd,APPROVED,2022-06-16 10:22:05.037000,2022-06-16 10:28:14.136000,369.099,50,661,1,100,2022-06-23 16:42:22.955000,91442ADD,United Kingdom,United Kingdom,Part-Time,English,English,United Kingdom,England,English,Female,No
62ab045267ef7591b860764e,5cb24ee57a55ff00168880b3,APPROVED,2022-06-16 10:22:21.494000,2022-06-16 10:35:55.087000,813.593,53,848,1,100,2022-06-23 16:42:21.538000,91442ADD,United Kingdom,United Kingdom,"Not in paid work (e.g. homemaker', 'retired or disabled)",English,English,United Kingdom,England,English,Female,No
62ab049d924bd7a2707f7f87,616437a7882ca1d66da11c4f,APPROVED,2022-06-16 10:23:30.296000,2022-06-16 10:45:04.948000,1294.652,51,506,0,100,2022-06-23 16:42:20.791000,91442ADD,United Kingdom,United Kingdom,Part-Time,English,English,United Kingdom,England,English,Male,No
62ab04cbef999d921f9c5416,5775874455fb780001d7f1d5,RETURNED,2022-06-16 10:24:13.870000,,627497.800172,38,1016,19,96,,,CONSENT REVOKED,CONSENT REVOKED,CONSENT REVOKED,CONSENT REVOKED,CONSENT REVOKED,CONSENT REVOKED,CONSENT REVOKED,CONSENT REVOKED,CONSENT REVOKED,CONSENT REVOKED
62ab04ce9b2646307b6e6afc,5a60b886c0d836000107844d,APPROVED,2022-06-16 10:24:17.383000,2022-06-16 10:31:55.853000,458.47,23,184,1,100,2022-06-23 16:42:19.220000,91442ADD,United Kingdom,United Kingdom,"Not in paid work (e.g. homemaker', 'retired or disabled)",English,English,United Kingdom,England,English,Female,No
62ab04dbab324f7b043ce6e1,6158ca0cda32869bf7c66906,APPROVED,2022-06-16 10:24:31.053000,2022-06-16 10:51:39.936000,1628.883,34,64,2,97,2022-06-23 16:42:18.455000,91442ADD,United Kingdom,United Kingdom,Part-Time,English,English,United Kingdom,Northern Ireland,English,Female,No
62ab04ee0ced4bbf893ccf76,5dee889f7dfa3a52a3e86ded,RETURNED,2022-06-16 10:24:48.969000,,627462.762714,24,160,0,100,,,CONSENT REVOKED,CONSENT REVOKED,CONSENT REVOKED,CONSENT REVOKED,CONSENT REVOKED,CONSENT REVOKED,CONSENT REVOKED,CONSENT REVOKED,CONSENT REVOKED,CONSENT REVOKED
62ab051411c793cd30355354,61698a8779cd6c1922b2a204,APPROVED,2022-06-16 10:25:24.004000,2022-06-16 11:05:49.650000,2425.646,51,433,1,100,2022-06-23 16:42:15.609000,91442ADD,United Kingdom,United Kingdom,Part-Time,English,"English, Greek",United Kingdom,England,English,Female,No
62ab0515a607fefeda9b2ca5,5efc6a4ba720250009909dfe,APPROVED,2022-06-16 10:25:25.317000,2022-06-16 10:38:03.665000,758.348,51,850,3,100,2022-06-23 16:42:14.451000,91442ADD,United Kingdom,United Kingdom,Full-Time,English,English,United Kingdom,Scotland,English,Female,No
62ab059167bd349024aea274,60355f601cfdc6835b129814,APPROVED,2022-06-16 10:27:47.040000,2022-06-16 10:47:00.241000,1153.201,36,448,1,100,2022-06-23 16:42:13.599000,91442ADD,United Kingdom,United Kingdom,Full-Time,English,English,United Kingdom,England,English,Female,No
62ab0604e5eb157dd4ce367c,609ffde6ce77f26ad8157c29,APPROVED,2022-06-16 10:29:30.726000,2022-06-16 10:39:36.043000,605.317,49,336,7,97,2022-06-23 16:42:12.565000,91442ADD,United Kingdom,Ireland,Full-Time,English,English,United Kingdom,England,English,Female,No
