session_id,participant_id,status,started_datetime,completed_date_time,time_taken,age,num_approvals,num_rejections,prolific_score,reviewed_at_datetime,entered_code,Country of Birth,Current Country of Residence,Employment Status,First Language,Fluent languages,Nationality,Nationality (UK),Primary Language,Sex,Student Status
62a330962c7e298f06d5f9d0,610ff949f6a4d1efff8290b6,APPROVED,2022-06-10 11:53:29.343000,2022-06-10 12:12:38.794000,1149.451,24,136,2,100,2022-06-13 10:18:57.185000,91442ADD,United Kingdom,New Zealand,DATA EXPIRED,English,English,United Kingdom,England,English,Male,No
62a3312fc6584d424a45f36a,5f255d95e0fc4f000b3a1832,APPROVED,2022-06-10 11:55:29.750000,2022-06-10 12:24:17.027000,1727.277,31,193,2,100,2022-06-13 10:18:56.480000,91442ADD,United Kingdom,United Kingdom,Full-Time,English,English,United Kingdom,England,English,Female,No
62a331750ec73c3a963bb237,594ab015e13759000137f35d,APPROVED,2022-06-10 11:56:40.289000,2022-06-10 12:17:01.842000,1221.553,43,410,6,97,2022-06-13 10:18:55.588000,91442ADD,United Kingdom,United Kingdom,Part-Time,English,English,United Kingdom,Scotland,English,Female,No
62a331a8d02bdb55b4805f5f,60b8b71f19660eb6cc4c97cb,APPROVED,2022-06-10 11:57:31.601000,2022-06-10 12:09:19.205000,707.604,35,101,0,100,2022-06-13 10:18:53.787000,91442ADD,United Kingdom,United Kingdom,Full-Time,English,English,United Kingdom,England,English,Female,No
62a331c223f4534c5be6894d,5968f9a639535100015f307d,APPROVED,2022-06-10 11:58:01.582000,2022-06-10 12:13:45.623000,944.041,59,213,1,100,2022-06-13 10:18:52.914000,91442ADD,United Kingdom,United Kingdom,Part-Time,English,English,United Kingdom,England,English,Female,No
62a331cb30643f504972590e,5d7a87d2403e9d0001421932,RETURNED,2022-06-10 12:08:03.015000,,252689.826421,32,172,1,99,,,CONSENT REVOKED,CONSENT REVOKED,CONSENT REVOKED,CONSENT REVOKED,CONSENT REVOKED,CONSENT REVOKED,CONSENT REVOKED,CONSENT REVOKED,CONSENT REVOKED,CONSENT REVOKED
62a3325e0beba2f54f1afee5,5ff8995667f3900c25cdd753,APPROVED,2022-06-10 12:00:35.162000,2022-06-10 12:13:59.589000,804.427,35,100,1,100,2022-06-13 10:18:50.836000,91442ADD,United Kingdom,United Kingdom,Part-Time,English,English,United Kingdom,England,English,Female,No
62a3326d916d13809faa15f9,5fc4a01dc02ae8485c400ebf,APPROVED,2022-06-10 12:00:45.337000,2022-06-10 12:06:11.245000,325.908,43,240,4,96,2022-06-13 10:18:50.134000,91442ADD,United Kingdom,Japan,Full-Time,English,English,United Kingdom,Wales,English,Male,No
62a332d10b5abe23e6091ea7,6229e931dc3e7a21919b8461,RETURNED,2022-06-10 12:02:29.466000,,253023.415166,57,58,0,100,,,CONSENT REVOKED,CONSENT REVOKED,CONSENT REVOKED,CONSENT REVOKED,CONSENT REVOKED,CONSENT REVOKED,CONSENT REVOKED,CONSENT REVOKED,CONSENT REVOKED,CONSENT REVOKED
62a332f48d0fbd614268e182,5c4980a00c42720001147c3f,APPROVED,2022-06-10 12:03:03.441000,2022-06-10 12:10:41.712000,458.271,30,89,2,98,2022-06-13 10:18:48.733000,91442ADD,United Kingdom,United Kingdom,Part-Time,English,English,United Kingdom,England,English,Female,DATA EXPIRED
62a3335813e5bf6b1a468578,5ee7d1fbea133f0aa334cd96,APPROVED,2022-06-10 12:05:04.046000,2022-06-10 12:14:19.093000,555.047,27,104,0,100,2022-06-13 10:18:47.921000,91442ADD,United Kingdom,United Kingdom,Full-Time,English,English,United Kingdom,Scotland,English,Female,No
62a333a88c8a79b3966d4ed6,5e3034316bf31c03a92e9dd1,APPROVED,2022-06-10 12:06:03.325000,2022-06-10 12:21:47.845000,944.52,24,312,2,100,2022-06-13 10:18:47.369000,91442ADD,United Kingdom,United Kingdom,Full-Time,English,English,United Kingdom,England,English,Female,No
