session_id,participant_id,status,started_datetime,completed_date_time,time_taken,age,num_approvals,num_rejections,prolific_score,reviewed_at_datetime,entered_code,Country of Birth,Current Country of Residence,Employment Status,First Language,Fluent languages,Nationality,Nationality (UK),Primary Language,Sex,Student Status
62b72b7b67f2267a94d922e8,5c584d2040378900013b6fb9,REJECTED,2022-06-25 15:36:30.902000,2022-06-25 15:51:50.633000,919.731,35,550,4,99,2022-06-28 19:44:35.110000,91442ADD,United Kingdom,United Kingdom,"Not in paid work (e.g. homemaker', 'retired or disabled)",English,English,United Kingdom,England,English,Female,No
62b72bb981096fd027ed065b,5c8e2abeda2d46001addf1d3,RETURNED,2022-06-25 15:37:34.289000,,276584.615573,34,407,0,100,,,CONSENT REVOKED,CONSENT REVOKED,CONSENT REVOKED,CONSENT REVOKED,CONSENT REVOKED,CONSENT REVOKED,CONSENT REVOKED,CONSENT REVOKED,CONSENT REVOKED,CONSENT REVOKED
62b72bc8bd0da2f551fa46df,5d4de7322bb0fa0001c21257,APPROVED,2022-06-25 15:37:52.567000,2022-06-25 16:14:24.084000,2191.517,46,787,1,100,2022-06-28 19:55:21.983000,91442ADD,United Kingdom,United Kingdom,Full-Time,English,English,United Kingdom,England,English,Male,No
62b72d0f1aedd799daed0647,60ec9212ee17ee6d4945f7de,APPROVED,2022-06-25 15:43:13.505000,2022-06-25 16:03:39.328000,1225.823,22,300,3,99,2022-06-28 19:55:20.602000,91442ADD,United Kingdom,United Kingdom,Part-Time,English,English,United Kingdom,England,English,Female,Yes
62b72d5bc19219b6a6f27ace,60a0067f943f8d336ec80fa1,APPROVED,2022-06-25 15:44:29.718000,2022-06-25 15:52:16.623000,466.905,26,230,3,98,2022-06-28 19:55:19.320000,91442ADD,United Kingdom,United Kingdom,Other,English,English,United Kingdom,Scotland,English,Female,No
62b72dbe738db5bd6dd922bf,5f25387decb3ae191e98c3f4,REJECTED,2022-06-25 15:46:38.759000,2022-06-25 15:58:58.888000,740.129,23,570,1,100,2022-06-28 19:45:41.918000,91442ADD,United Kingdom,United Kingdom,Full-Time,English,English,United Kingdom,England,English,Female,No
62b72e2b0a8e014fa49e338e,5f425caff859ca428c1381f8,APPROVED,2022-06-25 15:48:04.717000,2022-06-25 16:00:42.427000,757.71,21,157,2,99,2022-06-28 19:55:16.927000,91442ADD,United Kingdom,United Kingdom,"Not in paid work (e.g. homemaker', 'retired or disabled)",English,English,United Kingdom,England,English,Female,Yes
62b72ef32b27f3afaf1c5762,5c3cb454e02c6a000100e4fe,APPROVED,2022-06-25 15:51:18.230000,2022-06-25 16:01:20.604000,602.374,27,196,1,100,2022-06-28 19:55:15.435000,91442ADD,United Kingdom,United Kingdom,Full-Time,English,English,United Kingdom,Northern Ireland,English,Female,No
62b72f2a19efd8e55feb059b,60eb17baa759f7208a1bd686,APPROVED,2022-06-25 15:52:14.787000,2022-06-25 16:06:17.903000,843.116,46,311,1,100,2022-06-28 19:55:14.373000,91442ADD,United Kingdom,United Kingdom,Full-Time,English,English,United Kingdom,England,English,Female,No
62b72f83ae0492a615eb05af,60705ec072fce615131f89aa,APPROVED,2022-06-25 15:53:41.703000,2022-06-25 16:03:19.619000,577.916,41,164,2,100,2022-06-28 19:55:13.356000,91442ADD,United Kingdom,United Kingdom,Full-Time,English,English,United Kingdom,Scotland,English,Male,No
62b72f88ef75b18892a89df0,629f54a0ba9aab8178b33a3c,APPROVED,2022-06-25 15:53:47.498000,2022-06-25 16:10:37.479000,1009.981,43,12,0,100,2022-06-28 19:55:12.208000,91442ADD,United Kingdom,United Kingdom,Full-Time,English,English,United Kingdom,Scotland,English,Female,No
62bb5d26e84c2d0fdb08d7c4,5affc4edc573030001c32c10,APPROVED,2022-06-28 19:57:49.853000,2022-06-28 20:16:12.597000,1102.744,25,449,0,100,2022-06-28 20:26:52.266000,91442ADD,United Kingdom,United Kingdom,Full-Time,English,English,United Kingdom,Wales,English,Female,No
62bb5d3db8fb3c8d59959feb,60f9925ab923a7cc013845eb,APPROVED,2022-06-28 19:57:52.644000,2022-06-28 20:16:33.058000,1120.414,22,163,2,99,2022-06-28 20:25:58.586000,91442ADD,United Kingdom,United Kingdom,Full-Time,English,English,United Kingdom,England,English,Female,Yes
