session_id,participant_id,status,started_datetime,completed_date_time,time_taken,age,num_approvals,num_rejections,prolific_score,reviewed_at_datetime,entered_code,Country of Birth,Current Country of Residence,Employment Status,First Language,Fluent languages,Nationality,Nationality (UK),Primary Language,Sex,Student Status
629a01a543075a2c6716fa68,5fc7977f990ff909859b4b77,REJECTED,2022-06-03 12:42:16.629000,2022-06-03 12:55:33.973000,797.344,36,365,8,95,2022-06-03 13:58:06.086000,91442ADD,United Kingdom,United Kingdom,Part-Time,English,English,United Kingdom,England,English,Female,No
629a02688da2c9dc29c17901,5c5dd15d6474da000173e397,APPROVED,2022-06-03 12:45:32.376000,2022-06-03 13:04:12.409000,1120.033,67,304,1,100,2022-06-03 13:55:56.913000,91442ADD,United Kingdom,United Kingdom,"Not in paid work (e.g. homemaker', 'retired or disabled)",English,English,United Kingdom,England,English,Female,No
629a02db8e3076297e8e7161,6128b917b88ff78b667e46f0,APPROVED,2022-06-03 12:47:26.404000,2022-06-03 12:54:26.727000,420.323,23,223,4,98,2022-06-03 13:57:08.757000,91442ADD,United Kingdom,United Kingdom,DATA EXPIRED,English,English,United Kingdom,Scotland,English,Female,No
629a030e79ffe847b90ff605,61675c48f0f5f168c20d83f7,APPROVED,2022-06-03 12:48:46.550000,2022-06-03 13:02:49.819000,843.269,36,295,3,99,2022-06-03 13:57:26.650000,91442ADD,United Kingdom,United Kingdom,Part-Time,English,English,United Kingdom,England,English,Female,No
629a030f8cbb20ae741cfad2,5e4940cc4cc99d3ad7baa236,APPROVED,2022-06-03 12:48:18.734000,2022-06-03 13:08:05.732000,1186.998,34,147,2,99,2022-06-03 13:56:25.200000,91442ADD,United Kingdom,United Kingdom,Full-Time,English,English,United Kingdom,England,English,Female,No
629a03104576e558e83fcb20,61433de97ddb66446d73d6e4,REJECTED,2022-06-03 12:48:19.715000,2022-06-03 13:01:06.049000,766.334,53,319,3,99,2022-06-03 13:54:49.614000,91442ADD,Guyana,United Kingdom,Full-Time,English,English,United Kingdom,England,English,Male,No
629a031566cad0a201912a83,5e8482e3c0a35102b0c610eb,APPROVED,2022-06-03 12:48:25.063000,2022-06-03 12:55:31.187000,426.124,46,382,1,100,2022-06-03 13:56:35.473000,91442ADD,United Kingdom,United Kingdom,Full-Time,English,English,United Kingdom,England,English,Male,No
629a0379d949e589c0d197d0,5c6ac6565c15a30001448224,APPROVED,2022-06-03 12:50:04.368000,2022-06-03 13:19:05.857000,1741.489,22,401,11,95,2022-06-03 13:56:14.457000,91442ADD,United Kingdom,United Kingdom,Full-Time,English,English,United Kingdom,England,"English, Punjabi",Female,No
629a03bef9c759103368d9bf,60fe95530ccb79107f63773e,APPROVED,2022-06-03 12:51:13.739000,2022-06-03 13:04:49.909000,816.17,22,119,1,100,2022-06-03 13:56:58.081000,91442ADD,United Kingdom,United Kingdom,Part-Time,English,English,United Kingdom,England,English,Female,Yes
629a03d22893357ba0e1df40,5eb347510b324a142bf6dbcb,RETURNED,2022-06-03 12:51:33.421000,,13016.581188,31,200,3,99,,,CONSENT REVOKED,CONSENT REVOKED,CONSENT REVOKED,CONSENT REVOKED,CONSENT REVOKED,CONSENT REVOKED,CONSENT REVOKED,CONSENT REVOKED,CONSENT REVOKED,CONSENT REVOKED
629a07f48aa42993d13701e0,5fc417b27157a2000bd03511,APPROVED,2022-06-03 13:09:40.193000,2022-06-03 13:25:28.279000,948.086,33,145,0,100,2022-06-03 13:56:44.658000,91442ADD,United Kingdom,United Kingdom,Full-Time,English,English,United Kingdom,England,English,Male,No
629a138d9bbe2e7b9fba70e2,5c1cf5690091e40001c82cfc,APPROVED,2022-06-03 13:58:45.142000,2022-06-03 14:09:54.129000,668.987,30,183,3,99,2022-06-03 16:26:06.923000,91442ADD,United Kingdom,United Kingdom,Part-Time,English,English,United Kingdom,England,English,Female,No
629a13916363c604a59ec86a,5e716a3a9d1b820932646ea1,APPROVED,2022-06-03 13:58:44.542000,2022-06-03 14:23:40.048000,1495.506,33,446,7,98,2022-06-03 16:28:22.132000,91442ADD,United Kingdom,United Kingdom,Part-Time,English,English,United Kingdom,England,English,Female,Yes
