session_id,participant_id,status,started_datetime,completed_date_time,time_taken,age,num_approvals,num_rejections,prolific_score,reviewed_at_datetime,entered_code,Country of Birth,Current Country of Residence,Employment Status,First Language,Fluent languages,Nationality,Nationality (UK),Primary Language,Sex,Student Status
62b726fec2337fa6ff3fc256,6022b5e07dd30c044c6f881c,APPROVED,2022-06-25 15:17:22.522000,2022-06-25 15:28:45.653000,683.131,42,346,1,100,2022-06-28 10:05:41.152000,91442ADD,United Kingdom,United Kingdom,Full-Time,English,English,United Kingdom,England,English,Male,No
62b7287de03d54c3c8d8bddb,5eadba3c2ee2df08c162dc70,APPROVED,2022-06-25 15:23:41.043000,2022-06-25 15:53:53.114000,1812.071,33,459,3,99,2022-06-28 10:05:36.229000,91442ADD,United Kingdom,United Kingdom,Full-Time,English,English,United Kingdom,England,English,Male,No
62b72b8e67f2267a94d922ec,5784d25070c76a00012427e0,APPROVED,2022-06-25 15:36:50.105000,2022-06-25 15:55:59.299000,1149.194,33,1086,6,100,2022-06-28 10:05:35.225000,91442ADD,United Kingdom,United Kingdom,Part-Time,English,English,United Kingdom,England,English,Female,No
62b72c766d691a9b3c400b3b,5aeb5aba7ed5460001572dad,RETURNED,2022-06-25 15:40:43.069000,,256362.900539,28,89,1,100,,,CONSENT REVOKED,CONSENT REVOKED,CONSENT REVOKED,CONSENT REVOKED,CONSENT REVOKED,CONSENT REVOKED,CONSENT REVOKED,CONSENT REVOKED,CONSENT REVOKED,CONSENT REVOKED
62b72d6bf1853a03e26ead86,5f61371454efa10bdcfc588d,APPROVED,2022-06-25 15:44:47.620000,2022-06-25 15:52:27.204000,459.584,61,447,4,99,2022-06-28 10:05:34.420000,91442ADD,United Kingdom,United Kingdom,Full-Time,English,English,United Kingdom,England,English,Male,No
62b72d7e3248b5d44a1ffcf9,5800eb53beccf8000100cb06,APPROVED,2022-06-25 15:45:06.977000,2022-06-25 15:53:05.884000,478.907,49,906,7,99,2022-06-28 10:05:33.567000,91442ADD,United Kingdom,United Kingdom,"Not in paid work (e.g. homemaker', 'retired or disabled)",English,"English, Spanish, Portuguese",United Kingdom,Scotland,English,Male,No
62b72d8ff3e310decf1a9869,5e5137be2f1d9c163f82331d,APPROVED,2022-06-25 15:45:23.516000,2022-06-25 16:05:29.406000,1205.89,54,563,4,99,2022-06-28 10:05:31.881000,91442ADD,United Kingdom,United Kingdom,Part-Time,English,English,United Kingdom,England,English,Female,No
62b72d93346470947dfa46bd,5989e60a5ea0bf00011497d6,RETURNED,2022-06-25 15:45:27.569000,,256078.466612,33,542,4,99,,,CONSENT REVOKED,CONSENT REVOKED,CONSENT REVOKED,CONSENT REVOKED,CONSENT REVOKED,CONSENT REVOKED,CONSENT REVOKED,CONSENT REVOKED,CONSENT REVOKED,CONSENT REVOKED
62b72d94fe20a2f3d8a39e70,5a510af3eedc32000141fe67,APPROVED,2022-06-25 15:45:33.735000,2022-06-25 15:59:05.765000,812.03,56,356,3,100,2022-06-28 10:05:30.881000,91442ADD,United Kingdom,United Kingdom,Full-Time,English,English,United Kingdom,England,English,Female,No
62b72da0ac1cbb229034150f,5a4aaa1866e7880001de64be,APPROVED,2022-06-25 15:45:40.122000,2022-06-25 15:54:10.408000,510.286,36,971,4,100,2022-06-28 10:05:29.796000,91442ADD,United Kingdom,United Kingdom,Part-Time,English,English,United Kingdom,Scotland,English,Female,No
62b72da6b5557367fa1ffcea,5c869cfb4c266300156eded0,REJECTED,2022-06-25 15:45:46.770000,2022-06-25 15:57:06.034000,679.264,69,772,8,99,2022-06-28 10:04:13.499000,91442ADD,United Kingdom,United Kingdom,Full-Time,English,English,United Kingdom,England,English,Male,No
62b72db566da703bdd763097,5f359513105505187b34e85c,APPROVED,2022-06-25 15:46:06.945000,2022-06-25 16:11:49.136000,1542.191,21,531,0,100,2022-06-28 10:05:28.792000,91442ADD,United Kingdom,United Kingdom,Part-Time,English,English,United Kingdom,England,English,Female,Yes
62bad2a1f68e1da54f5fb8c3,61598b346c2fa2e3f218476d,APPROVED,2022-06-28 10:06:28.784000,2022-06-28 10:20:51.026000,862.242,29,152,1,100,2022-06-28 14:52:59.522000,91442ADD,United Kingdom,United Kingdom,DATA EXPIRED,English,English,United Kingdom,England,English,Female,No
