"session_id","participant_id","status","started_datetime","completed_date_time","time_taken","age","num_approvals","num_rejections","prolific_score","reviewed_at_datetime","entered_code","Country of Birth","Current Country of Residence","Employment Status","First Language","Fluent languages","Nationality","Nationality (UK)","Primary Language","Sex","Student Status"
"62aafc3640dc64d6f694f724","614b2fdaabb316ab7069fc50","APPROVED","2022-06-16 09:47:37.296000","2022-06-16 09:56:48.653000","551.357","26","89","0","100","2022-06-23 12:05:05.887000","91442ADD","United Kingdom","United Kingdom","Full-Time","English","English","United Kingdom","Scotland","English","Female","No"
"62aafc4bb445f934a80f9f8f","5f2b3b2b4cc04057806945da","APPROVED","2022-06-16 09:48:01.270000","2022-06-16 09:57:28.035000","566.765","27","66","0","100","2022-06-23 12:04:12.997000","91442ADD","United Kingdom","United Kingdom","Full-Time","English","English","United Kingdom","England","English","Female","No"
"62aafc6455527e3f109eb64e","60c9395dd973ea5ebe0ea6ad","TIMED-OUT","2022-06-16 09:48:24.059000","","613452.819017","21","225","6","95","","","United Kingdom","United Kingdom","Unemployed (and job seeking)","English","English","United Kingdom","England","English","Male","DATA EXPIRED"
"62aafc762ec1f6d45083c2c4","5d5d0f1e7f50330016962722","APPROVED","2022-06-16 09:48:56.588000","2022-06-16 10:09:54.637000","1258.049","39","336","0","100","2022-06-23 12:02:45.330000","91442ADD","United Kingdom","United Kingdom","Other","English","English","United Kingdom","England","English","Female","No"
"62aafca8be6c664acd805973","60fd158b17aecbf0aefaf5e9","APPROVED","2022-06-16 09:49:31.250000","2022-06-16 10:00:38.545000","667.295","23","120","0","100","2022-06-23 12:04:49.430000","91442ADD","United Kingdom","United Kingdom","Due to start a new job within the next month","English","English","United Kingdom","England","English","Female","Yes"
"62aafd4e5f3f9ec831285aad","59269aac7724de000109190f","APPROVED","2022-06-16 09:52:46.621000","2022-06-16 10:04:21.375000","694.754","31","925","7","99","2022-06-23 12:02:26.607000","91442ADD","United Kingdom","United Kingdom","Not in paid work (e.g. homemaker', 'retired or disabled)","English","English","United Kingdom","England","English","Female","No"
"62aafd9a303a084e303ed4dd","5e1dc4c7b03649000a612270","APPROVED","2022-06-16 09:53:35.058000","2022-06-16 10:01:35.826000","480.768","31","92","0","100","2022-06-23 12:03:51.161000","91442ADD","United Kingdom","United Kingdom","Not in paid work (e.g. homemaker', 'retired or disabled)","English","English","United Kingdom","England","English","Female","No"
"62aafdae0411bd11eb24df3c","5dad865e32175a0014451b20","REJECTED","2022-06-16 09:53:50.910000","2022-06-16 10:09:26.748000","935.838","70","903","3","100","2022-06-23 12:03:17.489000","91442ADD","United Kingdom","United Kingdom","Not in paid work (e.g. homemaker', 'retired or disabled)","English","English","United Kingdom","England","English","Male","No"
"62aafdbf0ba251c1057aedb3","622df5d6cc0f95ff380d5750","APPROVED","2022-06-16 09:54:22.989000","2022-06-16 10:14:06.512000","1183.523","62","64","2","98","2022-06-23 12:05:23.539000","91442ADD","United Kingdom","United Kingdom","Not in paid work (e.g. homemaker', 'retired or disabled)","English","English","United Kingdom","England","English","Female","No"
"62aafe20448d78d17ddccf5d","5dd59a3786411b56310c1b71","RETURNED","2022-06-16 09:55:47.487000","","613009.507703","26","349","5","99","","","CONSENT REVOKED","CONSENT REVOKED","CONSENT REVOKED","CONSENT REVOKED","CONSENT REVOKED","CONSENT REVOKED","CONSENT REVOKED","CONSENT REVOKED","CONSENT REVOKED","CONSENT REVOKED"
"62aaff42b555ba8b8199c89f","5ee7578e2016bd0127f88502","REJECTED","2022-06-16 10:00:36.175000","2022-06-16 10:21:02.769000","1226.594","34","259","3","99","2022-06-23 12:05:49.070000","91442ADD","United Kingdom","United Kingdom","Full-Time","English","English","United Kingdom","England","English","Male","No"
"62ab0d5009e81f87a0ae393e","5f8d8af5eadf4d08f6c460f3","APPROVED","2022-06-16 11:00:44.469000","2022-06-16 11:23:59.109000","1394.64","37","509","4","100","2022-06-23 12:04:32.533000","91442ADD","United Kingdom","United Kingdom","Other","English","English","United Kingdom","England","English","Male","No"
"62b5e6eca46a5b587a516adc","5e249bc4292336713bc67cc3","APPROVED","2022-06-24 16:31:43.732000","2022-06-24 16:41:22.970000","579.238","30","369","1","100","2022-06-24 16:58:42.650000","91442ADD","United Kingdom","United Kingdom","Part-Time","English","English","United Kingdom","England","English","Female","No"
"62b5e87721b114366d446f04","62aaccb4b94167feb012eae5","REJECTED","2022-06-24 16:38:41.283000","2022-06-24 16:55:06.243000","984.96","34","3","1","94","2022-06-24 16:59:11.216000","91442ADD","United Kingdom","United Kingdom","Full-Time","English","English","United Kingdom","Scotland","English","Male","No"
"62b5ed8c90efd8d1c76eadb3","6148d526884d99b02166443e","APPROVED","2022-06-24 17:00:01.102000","2022-06-24 17:12:35.690000","754.588","26","126","0","100","2022-06-24 17:30:24.821000","91442ADD","United Kingdom","United Kingdom","Part-Time","English","English","United Kingdom","England","English","Male","No"