session_id,participant_id,status,started_datetime,completed_date_time,time_taken,age,num_approvals,num_rejections,prolific_score,reviewed_at_datetime,entered_code,Country of Birth,Current Country of Residence,Employment Status,First Language,Fluent languages,Nationality,Nationality (UK),Primary Language,Sex,Student Status
6256aa1e0c32b9f088145d85,609051363b5429dcbb3fc049,APPROVED,2022-04-13 10:47:04.325000,2022-04-13 10:58:25.743000,681.418,27,193,2,100,2022-04-13 12:21:25.972000,91442ADD,United Kingdom,United Kingdom,Full-Time,English,English,United Kingdom,Wales,English,Male,No
6256aa852bd2a287f09a18dc,5d6f6294e0207600167e2382,APPROVED,2022-04-13 10:48:43.252000,2022-04-13 10:57:57.048000,553.796,33,110,0,100,2022-04-13 12:21:27.204000,91442ADD,United Kingdom,United Kingdom,Part-Time,English,English,United Kingdom,England,English,Female,No
6256ab3484e4af35b048b96f,6154b537a93b01369670a9f5,RETURNED,2022-04-13 11:02:00.389000,,36095.544836,27,281,1,100,,,CONSENT REVOKED,CONSENT REVOKED,CONSENT REVOKED,CONSENT REVOKED,CONSENT REVOKED,CONSENT REVOKED,CONSENT REVOKED,CONSENT REVOKED,CONSENT REVOKED,CONSENT REVOKED
6256ab6fdb94ff32c0cf3adf,5e5684728b5f33035f25160e,APPROVED,2022-04-13 10:52:59.173000,2022-04-13 11:05:24.149000,744.976,36,8,0,100,2022-04-13 12:21:22.612000,91442ADD,United Kingdom,United Kingdom,Full-Time,English,English,United Kingdom,England,English,Male,No
6256ab78a18a6ef9960687b5,5f2fcd9722e6b83cc6a8de21,APPROVED,2022-04-13 10:52:44.232000,2022-04-13 11:06:18.808000,814.576,29,40,0,100,2022-04-13 12:21:24.863000,91442ADD,United Kingdom,United Kingdom,Full-Time,English,English,United Kingdom,England,English,Male,No
6256ab82e8a97766d2924137,5e3aff8a21d6033109022e54,APPROVED,2022-04-13 10:52:54.247000,2022-04-13 11:13:02.754000,1208.507,44,287,2,100,2022-04-13 12:21:23.357000,91442ADD,United Kingdom,United Kingdom,"Not in paid work (e.g. homemaker', 'retired or disabled)",English,English,United Kingdom,England,English,Female,No
6256ac5677bc4fc63394653f,5c7bb4095dcdda001427a670,APPROVED,2022-04-13 10:56:28.144000,2022-04-13 11:09:53.780000,805.636,25,371,5,98,2022-04-13 12:21:20.309000,91442ADD,United Kingdom,United Kingdom,"Not in paid work (e.g. homemaker', 'retired or disabled)",English,English,United Kingdom,England,English,Female,No
6256ac59cafec5955f09d32b,5c4935e29afd7b00019749ab,APPROVED,2022-04-13 10:56:30.965000,2022-04-13 11:06:30.435000,599.47,62,1023,6,99,2022-04-13 12:21:19.645000,91442ADD,United Kingdom,United Kingdom,"Not in paid work (e.g. homemaker', 'retired or disabled)",English,English,United Kingdom,England,English,Male,No
6256acace8d9a907bb4ee735,6106de21485a5a92054f922d,APPROVED,2022-04-13 10:58:02.035000,2022-04-13 11:21:02.129000,1380.094,18,33,0,100,2022-04-13 12:21:19.069000,91442ADD,United Kingdom,United Kingdom,Full-Time,English,English,United Kingdom,England,"English, Gujarati",Female,Yes
6256acb12e2203622567fd10,60fd7b2b5903e7399b0e8d0e,APPROVED,2022-04-13 10:58:03.577000,2022-04-13 11:06:24.877000,501.3,19,15,0,100,2022-04-13 12:21:18.080000,91442ADD,United Kingdom,United Kingdom,Part-Time,English,English,United Kingdom,England,English,Female,Yes
6256adbab086f6461d143926,6144711edbbb2ce35dcf6b11,APPROVED,2022-04-13 11:02:39.559000,2022-04-13 11:16:17.806000,818.247,41,323,0,100,2022-04-13 12:21:15.637000,91442ADD,United Kingdom,United Kingdom,Full-Time,English,English,United Kingdom,Scotland,English,Male,No
