session_id,participant_id,status,started_datetime,completed_date_time,time_taken,age,num_approvals,num_rejections,prolific_score,reviewed_at_datetime,entered_code,Country of Birth,Current Country of Residence,Employment Status,First Language,Fluent languages,Nationality,Nationality (UK),Primary Language,Sex,Student Status
62b725d408db4834b20c577a,5ebd9828c25ad30a611bb585,RETURNED,2022-06-25 15:12:24.593000,,259889.681622,20,158,0,100,,,CONSENT REVOKED,CONSENT REVOKED,CONSENT REVOKED,CONSENT REVOKED,CONSENT REVOKED,CONSENT REVOKED,CONSENT REVOKED,CONSENT REVOKED,CONSENT REVOKED,CONSENT REVOKED
62b725f4e4640dd3f013ab11,5f72275d0e4774118b06068a,APPROVED,2022-06-25 15:12:55.021000,2022-06-25 15:23:25.250000,630.229,31,434,3,99,2022-06-28 15:05:29.667000,91442ADD,United Kingdom,United Kingdom,Full-Time,English,English,United Kingdom,England,English,Female,No
62b72a4e3daee7b6fafa46d8,6155f2c84aedcacc95fb188d,REJECTED,2022-06-25 15:31:30.588000,2022-06-25 15:45:23.692000,833.104,42,244,2,100,2022-06-28 15:05:01.834000,91442ADD,United Kingdom,United Kingdom,Part-Time,English,English,United Kingdom,England,English,Female,No
62b72dd00b6e2c8fee80c27f,609cd75c7570c1dc4f9e9c43,APPROVED,2022-06-25 15:46:26.595000,2022-06-25 15:53:09.747000,403.152,24,172,0,100,2022-06-28 15:05:26.946000,91442ADD,United Kingdom,United Kingdom,"Not in paid work (e.g. homemaker', 'retired or disabled)",English,English,United Kingdom,England,English,Male,No
62b72dd2d0f7fc5ac4fa46b2,559c3e04fdf99b32b55f2d8a,RETURNED,2022-06-25 15:46:30.181000,,257844.204148,39,1752,12,99,,,CONSENT REVOKED,CONSENT REVOKED,CONSENT REVOKED,CONSENT REVOKED,CONSENT REVOKED,CONSENT REVOKED,CONSENT REVOKED,CONSENT REVOKED,CONSENT REVOKED,CONSENT REVOKED
62b72ddbe5a96710e5c09281,5dd9bd7bf85b50953fdf003c,APPROVED,2022-06-25 15:46:38.560000,2022-06-25 16:01:26.638000,888.078,25,120,1,100,2022-06-28 15:05:25.544000,91442ADD,United Kingdom,United Kingdom,Part-Time,English,English,United Kingdom,England,English,Female,Yes
62b72df7f54843ae2dd8bdde,60d0d5e930dc4a90889b2321,RETURNED,2022-06-25 15:57:03.250000,,257211.199182,33,238,3,99,,,CONSENT REVOKED,CONSENT REVOKED,CONSENT REVOKED,CONSENT REVOKED,CONSENT REVOKED,CONSENT REVOKED,CONSENT REVOKED,CONSENT REVOKED,CONSENT REVOKED,CONSENT REVOKED
62b72e2043fa2926cfdffc5d,6103f3eaf2aec9297d3d1d27,APPROVED,2022-06-25 15:47:52.312000,2022-06-25 15:59:45.756000,713.444,52,339,0,100,2022-06-28 15:05:24.277000,91442ADD,United Kingdom,United Kingdom,Full-Time,English,English,United Kingdom,Northern Ireland,English,Female,No
62b72e288668a32f3170466f,58f4d59390f5ff0001aef4fb,APPROVED,2022-06-25 15:47:57.771000,2022-06-25 15:54:43.092000,405.321,25,250,3,99,2022-06-28 15:05:23.398000,91442ADD,United Kingdom,United Kingdom,Full-Time,English,English,United Kingdom,England,English,Male,No
62b72e2fc5116ec1e76ead8c,614b21befe6827067a773295,APPROVED,2022-06-25 15:48:03.192000,2022-06-25 15:56:53.430000,530.238,43,332,4,99,2022-06-28 15:05:22.402000,91442ADD,United Kingdom,United Kingdom,Part-Time,English,English,United Kingdom,England,English,Female,Yes
62b72e34f7c0439efbc33203,5c34cece6288ec00016a5363,APPROVED,2022-06-25 15:48:12.529000,2022-06-25 15:59:52.765000,700.236,62,710,3,100,2022-06-28 15:05:21.347000,91442ADD,United Kingdom,United Kingdom,"Not in paid work (e.g. homemaker', 'retired or disabled)",English,English,United Kingdom,England,English,Female,No
62b72e45ba51993c80446ed8,59bede4d49d8ac0001c30998,APPROVED,2022-06-25 15:48:26.712000,2022-06-25 15:56:27.697000,480.985,42,601,11,96,2022-06-28 15:05:20.790000,91442ADD,United Kingdom,United Kingdom,Part-Time,English,English,United Kingdom,England,English,Female,No
62b72e49d10027ed25f6cc4e,62b441afeb344e4d950b7ae7,APPROVED,2022-06-25 15:48:28.350000,2022-06-25 15:57:24.906000,536.556,34,7,1,96,2022-06-28 15:05:19.340000,91442ADD,Canada,United Kingdom,Full-Time,English,English,United Kingdom,England,English,Male,No
62bb192f2b06fea87408d7c4,5caa2f919f9fb8000185329b,APPROVED,2022-06-28 15:07:42.155000,2022-06-28 15:19:39.174000,717.019,41,374,0,100,2022-06-28 15:23:23.157000,91442ADD,United Kingdom,United Kingdom,Full-Time,English,English,United Kingdom,Wales,English,Female,No
