session_id,participant_id,status,started_datetime,completed_date_time,time_taken,age,num_approvals,num_rejections,prolific_score,reviewed_at_datetime,entered_code,Country of Birth,Current Country of Residence,Employment Status,First Language,Fluent languages,Nationality,Nationality (UK),Primary Language,Sex,Student Status
62a3290249368dca82abf0f6,6143217abd754c7495d8d3f7,APPROVED,2022-06-10 11:20:36.726000,2022-06-10 11:28:23.319000,466.593,25,283,5,98,2022-06-10 11:57:15.040000,91442ADD,United Kingdom,United Kingdom,Full-Time,English,English,United Kingdom,England,English,Female,No
62a329ea6636584ca77bcd94,5bf13706fe940a0001c7b3c3,APPROVED,2022-06-10 11:24:30.429000,2022-06-10 11:31:59.235000,448.806,36,178,2,98,2022-06-10 11:57:14.157000,91442ADD,United Kingdom,United Kingdom,DATA EXPIRED,English,"French, English",United Kingdom,England,English,Female,No
62a32a39e5e836b2637451fe,60ef41416d8e8892ab06b1df,APPROVED,2022-06-10 11:25:47.625000,2022-06-10 11:31:15.089000,327.464,21,82,2,98,2022-06-10 11:57:13.278000,91442ADD,United Kingdom,United Kingdom,Due to start a new job within the next month,English,"English, French",United Kingdom,England,English,Female,Yes
62a32b658c169b2e69f5b9e7,577d9254c6144900014a0083,APPROVED,2022-06-10 11:30:48.438000,2022-06-10 11:42:02.096000,673.658,59,1101,8,100,2022-06-10 11:57:12.335000,91442ADD,United Kingdom,United Kingdom,Part-Time,English,English,United Kingdom,Wales,English,Female,No
62a32b6de66f185777fb3cd2,5c4980a00c42720001147c3f,REJECTED,2022-06-10 11:30:56.115000,2022-06-10 11:32:54.590000,118.475,30,89,2,98,2022-06-10 11:55:52.064000,NOCODE,United Kingdom,United Kingdom,Part-Time,English,English,United Kingdom,England,English,Female,DATA EXPIRED
62a32bc05c226d712ce82f64,59ef9be762637600014a873d,APPROVED,2022-06-10 11:32:20.960000,2022-06-10 11:47:11.119000,890.159,40,421,1,100,2022-06-10 11:57:11.091000,91442ADD,United Kingdom,United Kingdom,Full-Time,English,English,United Kingdom,Scotland,English,Female,No
62a32be1b7d5b4e72c47e93b,5c9164d10791df0001366ab9,APPROVED,2022-06-10 11:32:53.845000,2022-06-10 11:49:38.863000,1005.018,66,935,13,97,2022-06-10 11:57:10.731000,91442ADD,United Kingdom,United Kingdom,"Not in paid work (e.g. homemaker', 'retired or disabled)",English,English,United Kingdom,England,English,Male,No
62a32c53b806f914dd98f8a8,5ba7bd66d60daf0001533762,APPROVED,2022-06-10 11:34:55.384000,2022-06-10 11:39:52.917000,297.533,29,238,0,100,2022-06-10 11:57:08.778000,91442ADD,United Kingdom,United Kingdom,Full-Time,English,English,United Kingdom,England,English,Female,No
62a32c553dfb46e15a1d35dd,601b137a1e2f3c47fb566272,RETURNED,2022-06-10 11:34:50.272000,,253978.12591,71,507,1,100,,,CONSENT REVOKED,CONSENT REVOKED,CONSENT REVOKED,CONSENT REVOKED,CONSENT REVOKED,CONSENT REVOKED,CONSENT REVOKED,CONSENT REVOKED,CONSENT REVOKED,CONSENT REVOKED
62a32ccb39ba1effe88c4f15,5fc8c1f4c5116c2405111f99,APPROVED,2022-06-10 11:36:45.620000,2022-06-10 11:50:14.787000,809.167,49,128,1,100,2022-06-10 11:57:07.894000,91442ADD,United Kingdom,United Kingdom,Full-Time,English,"Dutch, English",United Kingdom,England,"English, Dutch",Female,No
62a32d5bd374c1e4dd330c00,59779749d5ddf60001d14bee,APPROVED,2022-06-10 11:39:10,2022-06-10 11:46:13.016000,423.016,38,715,6,99,2022-06-10 11:57:05.940000,91442ADD,United Kingdom,United Kingdom,"Not in paid work (e.g. homemaker', 'retired or disabled)",English,English,United Kingdom,England,English,Female,No
62a331b154b1034586898564,5e1de1181dcc4c144a683022,APPROVED,2022-06-10 11:57:40.536000,2022-06-10 12:10:49.007000,788.471,37,606,1,100,2022-06-13 10:07:08.203000,91442ADD,United Kingdom,United Kingdom,Part-Time,English,English,United Kingdom,England,English,Female,No
