session_id,participant_id,status,started_datetime,completed_date_time,time_taken,age,num_approvals,num_rejections,prolific_score,reviewed_at_datetime,entered_code,Country of Birth,Current Country of Residence,Employment Status,First Language,Fluent languages,Nationality,Nationality (UK),Primary Language,Sex,Student Status
62b729feec543a21578fa246,5de91de1033565044b2e80b3,APPROVED,2022-06-25 15:30:09.976000,2022-06-25 15:39:45.167000,575.191,43,186,4,95,2022-06-28 14:57:17.776000,91442ADD,United Kingdom,United Kingdom,Part-Time,English,English,United Kingdom,England,English,Male,No
62b72a3a4855e2de8a80c29f,5fe7ad5e19762865a15db2b4,APPROVED,2022-06-25 15:31:09.554000,2022-06-25 15:40:18.449000,548.895,34,148,0,100,2022-06-28 14:57:34.137000,91442ADD,United Kingdom,United Kingdom,Full-Time,English,English,United Kingdom,England,English,Female,No
62b72d0863fc739db72cdb88,5cf94fcca1d27a0001a94056,APPROVED,2022-06-25 15:43:08.140000,2022-06-25 15:54:11.714000,663.574,30,333,1,100,2022-06-28 14:57:01.001000,91442ADD,United Kingdom,United Kingdom,DATA EXPIRED,English,English,United Kingdom,Scotland,English,Male,No
62b72d1356a4b5679ae691d8,5afcbf18fabc8900018854d9,RETURNED,2022-06-25 15:43:23.669000,,257424.136363,51,1723,15,99,,,CONSENT REVOKED,CONSENT REVOKED,CONSENT REVOKED,CONSENT REVOKED,CONSENT REVOKED,CONSENT REVOKED,CONSENT REVOKED,CONSENT REVOKED,CONSENT REVOKED,CONSENT REVOKED
62b72d13de5197190e47153f,5a460b57b77a5000014a890c,APPROVED,2022-06-25 15:43:58.792000,2022-06-25 15:58:03.325000,844.533,54,1319,0,100,2022-06-28 14:55:30.200000,91442ADD,United Kingdom,United Kingdom,Unemployed (and job seeking),English,English,United Kingdom,England,English,Female,No
62b72db60eadae16448fa22b,5f04783c7c6da16df6628313,RETURNED,2022-06-25 15:46:00.212000,,257267.629442,52,646,6,99,,,CONSENT REVOKED,CONSENT REVOKED,CONSENT REVOKED,CONSENT REVOKED,CONSENT REVOKED,CONSENT REVOKED,CONSENT REVOKED,CONSENT REVOKED,CONSENT REVOKED,CONSENT REVOKED
62b72de9fe20a2f3d8a39e73,5c5fe0c18e931700011f9f55,APPROVED,2022-06-25 15:46:52.518000,2022-06-25 15:53:00.267000,367.749,38,604,4,99,2022-06-28 14:56:23.872000,91442ADD,United Kingdom,United Kingdom,"Not in paid work (e.g. homemaker', 'retired or disabled)",English,English,United Kingdom,England,English,Female,No
62b72dec56a4b5679ae691eb,59a6aa43b2130b000179d303,APPROVED,2022-06-25 15:47:11.563000,2022-06-25 15:54:23.114000,431.551,44,808,2,100,2022-06-28 14:54:45.047000,91442ADD,United Kingdom,United Kingdom,Part-Time,English,English,United Kingdom,England,English,Female,No
62b72def228d1b70dba39e68,59b555702a78fd00010b86d4,APPROVED,2022-06-25 15:46:57.441000,2022-06-25 15:54:56.887000,479.446,23,396,4,99,2022-06-28 14:55:09.053000,91442ADD,United Kingdom,United Kingdom,"Not in paid work (e.g. homemaker', 'retired or disabled)",English,English,United Kingdom,England,English,Male,No
62b72dfbf16db545053f02b0,5bffc3ae4108380001f5cd63,REJECTED,2022-06-25 15:47:42.321000,2022-06-25 16:05:13.059000,1050.738,37,1032,8,99,2022-06-28 14:57:42.213000,91442ADD,United Kingdom,United Kingdom,Full-Time,English,English,United Kingdom,England,English,Female,No
62b72e074b3601c23cf27ace,5badf72e733441000102a34d,APPROVED,2022-06-25 15:47:22.444000,2022-06-25 16:03:17.229000,954.785,64,665,10,96,2022-06-28 14:55:50.954000,91442ADD,United Kingdom,United Kingdom,"Not in paid work (e.g. homemaker', 'retired or disabled)",English,English,United Kingdom,England,English,Male,No
62b72e217cad011c3b9e337f,5be5b43e9633790001c8fd75,APPROVED,2022-06-25 15:47:48.345000,2022-06-25 15:56:19.734000,511.389,36,469,0,100,2022-06-28 14:56:06.295000,91442ADD,United Kingdom,United Kingdom,Full-Time,English,English,United Kingdom,Wales,English,Male,No
62bb177cff6148bc39cd20db,5ec3bd29a27751225ef2a6b3,APPROVED,2022-06-28 15:00:14.686000,2022-06-28 15:09:54.257000,579.571,29,222,0,100,2022-06-28 15:13:21.931000,91442ADD,United Kingdom,United Kingdom,Other,English,English,United Kingdom,Scotland,English,Female,No
