session_id,participant_id,status,started_datetime,completed_date_time,time_taken,age,num_approvals,num_rejections,prolific_score,reviewed_at_datetime,entered_code,Country of Birth,Current Country of Residence,Employment Status,First Language,Fluent languages,Nationality,Nationality (UK),Primary Language,Sex,Student Status
62a0746f4d0225ddc9adbbad,597b39512351f1000158fcda,APPROVED,2022-06-08 10:05:38.022000,2022-06-08 10:19:03.260000,805.238,41,326,7,98,2022-06-08 11:51:53.358000,91442ADD,United Kingdom,United Kingdom,"Not in paid work (e.g. homemaker', 'retired or disabled)",English,English,United Kingdom,England,English,Female,No
62a07487519b3d2f215b80d0,5e9ffac15dabbc000d022a77,REJECTED,2022-06-08 10:06:01.929000,2022-06-08 10:13:55.988000,474.059,31,451,4,99,2022-06-08 11:50:36.770000,91442ADD,United Kingdom,United Kingdom,Full-Time,English,English,United Kingdom,England,English,Male,Yes
62a07498bdf2fb09b45210b8,5c86720ba01a2400154ba945,APPROVED,2022-06-08 10:06:19.642000,2022-06-08 10:20:44.327000,864.685,29,17,1,98,2022-06-08 11:51:51.378000,91442ADD,United Kingdom,United Kingdom,Full-Time,English,English,United Kingdom,England,English,Female,No
62a074c4e17dd0709e4c9942,6012d01a38874f094e4e4280,APPROVED,2022-06-08 10:07:05.688000,2022-06-08 10:21:27.672000,861.984,31,179,0,100,2022-06-08 11:51:50.477000,91442ADD,United Kingdom,United Kingdom,Full-Time,English,English,United Kingdom,England,English,Female,No
62a075222157092ebf9f32f3,5dcfd2d783e3090dc7155733,APPROVED,2022-06-08 10:08:38.484000,2022-06-08 10:25:01.894000,983.41,52,374,2,100,2022-06-08 11:51:49.048000,91442ADD,United Kingdom,United Kingdom,Full-Time,English,English,United Kingdom,England,English,Female,No
62a0758d2c616f76e67660b8,61576c012897c82e4877acfd,TIMED-OUT,2022-06-08 10:10:24.215000,,7017.591801,25,95,1,100,,,United Kingdom,United Kingdom,Full-Time,English,English,United Kingdom,England,English,Female,Yes
62a075bff17e6efbe00dc250,629f29bba83fd984e99463b1,APPROVED,2022-06-08 10:11:27.246000,2022-06-08 10:22:44.172000,676.926,26,1,0,100,2022-06-08 11:51:47.567000,91442ADD,United Kingdom,United Kingdom,Part-Time,English,English,United Kingdom,England,English,Female,No
62a075fb33f511df3f930013,5f4bc0f37c7b4479078f5ba9,APPROVED,2022-06-08 10:12:12.909000,2022-06-08 10:22:22.109000,609.2,21,192,0,100,2022-06-08 11:51:46.357000,91442ADD,United Kingdom,United Kingdom,Full-Time,English,English,United Kingdom,England,English,Female,Yes
62a076337c0549849245bbbf,5e6e6497d33339419afd90f9,APPROVED,2022-06-08 10:13:07.570000,2022-06-08 10:25:25.034000,737.464,33,369,6,98,2022-06-08 11:51:45.269000,91442ADD,United Kingdom,United Kingdom,Other,English,English,United Kingdom,England,English,Male,No
62a076578a2c28acba9e03cf,5ea2ad7fbe25990115315611,APPROVED,2022-06-08 10:13:46.738000,2022-06-08 10:32:22.324000,1115.586,48,547,1,100,2022-06-08 11:51:44.034000,91442ADD,United Kingdom,United Kingdom,Part-Time,English,English,United Kingdom,England,English,Female,No
62a088412e73539100d8fb88,60e73dc83a5b65a43f1e3b37,RETURNED,2022-06-08 11:30:14.539000,,2227.350238,24,280,0,100,,,CONSENT REVOKED,CONSENT REVOKED,CONSENT REVOKED,CONSENT REVOKED,CONSENT REVOKED,CONSENT REVOKED,CONSENT REVOKED,CONSENT REVOKED,CONSENT REVOKED,CONSENT REVOKED
62a08a4a7445acfa8d111706,5ce1abeba7b516001928bbd5,APPROVED,2022-06-08 11:38:52.994000,2022-06-08 11:47:07.130000,494.136,38,525,6,99,2022-06-08 11:51:42.960000,91442ADD,United Kingdom,United Kingdom,Part-Time,English,English,United Kingdom,England,English,Female,No
62a08d234927ff69e2f97556,609ab94f178ec843226336a7,APPROVED,2022-06-08 11:51:15.433000,2022-06-08 12:05:05.787000,830.354,50,610,1,100,2022-06-08 12:06:22.424000,91442ADD,United Kingdom,United Kingdom,Full-Time,English,English,United Kingdom,England,English,Male,No
