session_id,participant_id,status,started_datetime,completed_date_time,time_taken,age,num_approvals,num_rejections,prolific_score,reviewed_at_datetime,entered_code,Country of Birth,Current Country of Residence,Employment Status,First Language,Fluent languages,Nationality,Nationality (UK),Primary Language,Sex,Student Status
62aaff7f2eda25fdd5d25534,5f70f2db1da187103ac30229,RETURNED,2022-06-16 10:11:35.270000,,626707.512576,21,263,1,100,,,CONSENT REVOKED,CONSENT REVOKED,CONSENT REVOKED,CONSENT REVOKED,CONSENT REVOKED,CONSENT REVOKED,CONSENT REVOKED,CONSENT REVOKED,CONSENT REVOKED,CONSENT REVOKED
62ab0052bc9634b581deca50,56a90c96119265000c6e134d,RETURNED,2022-06-16 10:05:09.541000,,627093.257087,45,1456,27,96,,,CONSENT REVOKED,CONSENT REVOKED,CONSENT REVOKED,CONSENT REVOKED,CONSENT REVOKED,CONSENT REVOKED,CONSENT REVOKED,CONSENT REVOKED,CONSENT REVOKED,CONSENT REVOKED
62ab021e150560170c9c1cb4,56c84e49dfea6c000cb234ad,APPROVED,2022-06-16 10:12:56.574000,2022-06-16 10:22:28.982000,572.408,42,1268,8,99,2022-06-23 16:16:37.751000,91442ADD,United Kingdom,United Kingdom,Full-Time,English,"English, French",United Kingdom,Wales,English,Female,No
62ab0308c70ff1246e15fb0b,6083bef2122452ac905adc01,APPROVED,2022-06-16 10:16:43.375000,2022-06-16 10:23:39.149000,415.774,32,221,1,100,2022-06-23 16:16:36.705000,91442ADD,United Kingdom,United Kingdom,Part-Time,English,English,United Kingdom,England,English,Female,Yes
62ab03fab98ccf05ae1a8d88,5f6660dbdd831c230e132024,APPROVED,2022-06-16 10:20:45.884000,2022-06-16 10:42:11.919000,1286.035,44,468,4,99,2022-06-23 16:16:36.431000,91442ADD,United Kingdom,United Kingdom,Full-Time,English,English,United Kingdom,England,"Dari, English",Male,No
62ab0405a236f8273b5103bf,5b23cd478ecf3f0001613ad9,APPROVED,2022-06-16 10:21:06.795000,2022-06-16 10:33:34.469000,747.674,30,183,3,99,2022-06-23 16:16:34.259000,91442ADD,United Kingdom,United Kingdom,Full-Time,English,English,United Kingdom,England,English,Female,No
62ab040ca030735eb9906346,600cad455d210d00096495d7,APPROVED,2022-06-16 10:21:04.190000,2022-06-16 10:38:39.515000,1055.325,28,239,1,100,2022-06-23 16:16:35.166000,91442ADD,United Kingdom,United Kingdom,Full-Time,English,English,United Kingdom,England,English,Female,No
62ab0412c40f8caa42800b2b,5ff4d399d4f1e476f5370f78,RETURNED,2022-06-16 10:21:09.594000,,626133.311928,31,236,2,100,,,CONSENT REVOKED,CONSENT REVOKED,CONSENT REVOKED,CONSENT REVOKED,CONSENT REVOKED,CONSENT REVOKED,CONSENT REVOKED,CONSENT REVOKED,CONSENT REVOKED,CONSENT REVOKED
62ab042e6d46545e2b294e8b,59024c8c70eeec000180b2b3,APPROVED,2022-06-16 10:21:39.348000,2022-06-16 10:39:45.886000,1086.538,42,570,3,100,2022-06-23 16:16:33.445000,91442ADD,United Kingdom,United Kingdom,Part-Time,English,English,United Kingdom,Scotland,English,Female,No
62ab0431ec8b85e9e6450eef,60cb3a3ab0d7a06e179900cd,RETURNED,2022-06-16 10:21:41.510000,,626101.425549,27,139,4,97,,,CONSENT REVOKED,CONSENT REVOKED,CONSENT REVOKED,CONSENT REVOKED,CONSENT REVOKED,CONSENT REVOKED,CONSENT REVOKED,CONSENT REVOKED,CONSENT REVOKED,CONSENT REVOKED
62ab043e44546b754f64509f,5d27b0e0379e510019491a6c,APPROVED,2022-06-16 10:21:54.631000,2022-06-16 10:31:45.354000,590.723,38,141,1,100,2022-06-23 16:16:31.231000,91442ADD,United Kingdom,United Kingdom,Part-Time,English,English,United Kingdom,England,English,Female,No
62ab044350a182e739e4cd2a,610ff949f6a4d1efff8290b6,APPROVED,2022-06-16 10:22:09.801000,2022-06-16 10:44:40.028000,1350.227,24,139,2,100,2022-06-23 16:16:30.478000,91442ADD,United Kingdom,New Zealand,DATA EXPIRED,English,English,United Kingdom,England,English,Male,No
62ab047a534a083b263d745f,608fc59b536792be564376d1,APPROVED,2022-06-16 10:22:53.899000,2022-06-16 10:35:29.472000,755.573,63,238,1,100,2022-06-23 16:16:29.651000,91442ADD,United Kingdom,United Kingdom,Part-Time,English,English,United Kingdom,England,English,Male,No
62ab048a8194b8311516a414,5983095e9bf4fe0001071115,RETURNED,2022-06-16 10:23:09.214000,,626013.781751,52,967,8,99,,,CONSENT REVOKED,CONSENT REVOKED,CONSENT REVOKED,CONSENT REVOKED,CONSENT REVOKED,CONSENT REVOKED,CONSENT REVOKED,CONSENT REVOKED,CONSENT REVOKED,CONSENT REVOKED
62ab0b5977a0e54c7ec535a3,62a7210a99f70ada08f147ab,APPROVED,2022-06-16 10:52:10.898000,2022-06-16 10:59:28.027000,437.129,27,13,0,100,2022-06-23 16:16:29.132000,91442ADD,United Kingdom,United Kingdom,Full-Time,English,English,United Kingdom,England,English,Male,No
