"session_id","participant_id","status","started_datetime","completed_date_time","time_taken","age","num_approvals","num_rejections","prolific_score","reviewed_at_datetime","entered_code","Country of Birth","Current Country of Residence","Employment Status","First Language","Fluent languages","Nationality","Nationality (UK)","Primary Language","Sex","Student Status"
"62573edd33b4b99624ea0178","6147035b47fdb0bd084faa25","APPROVED","2022-04-13 21:21:37.132000","2022-04-13 21:28:45.520000","428.388","27","186","0","100","2022-04-14 12:02:52.723000","91442ADD","United Kingdom","United Kingdom","Full-Time","English","English","United Kingdom","England","English","Female","No"
"62574131db33bf59d1d229c9","5a539d0b76d1c60001aabd7a","APPROVED","2022-04-13 21:31:31.736000","2022-04-13 21:52:55.162000","1283.426","23","138","0","100","2022-04-14 12:02:51.858000","91442ADD","United Kingdom","United Kingdom","Full-Time","English","English","United Kingdom","England","English","Female","No"
"625741a3fccfa197d6050773","5ea3f7021782d23892358af1","APPROVED","2022-04-13 21:33:29.778000","2022-04-13 21:44:49.895000","680.117","54","179","2","98","2022-04-14 12:02:50.548000","91442ADD","United Kingdom","United Kingdom","Part-Time","English","English","United Kingdom","England","English","Female","No"
"625742477b8106f688c35dbf","6064e23be8b6cf0dfb2a17bb","APPROVED","2022-04-13 21:36:12.712000","2022-04-13 21:48:23.046000","730.334","39","251","0","100","2022-04-14 12:02:49.243000","91442ADD","United Kingdom","United Kingdom","Full-Time","English","English","United Kingdom","Scotland","English","Female","No"
"625742678f3f6d2374e91758","5d5361322272e10001044841","APPROVED","2022-04-13 21:36:43.880000","2022-04-13 21:50:23.090000","819.21","37","296","6","96","2022-04-14 12:02:48.359000","91442ADD","United Kingdom","United Kingdom","Part-Time","English","English","United Kingdom","England","English","Female","Yes"
"625742cafb87ce2665e5cb2f","5ee531ca5f4c6f0be142ded4","RETURNED","2022-04-13 21:38:28.844000","","53441.836556","43","326","3","99","","","CONSENT REVOKED","CONSENT REVOKED","CONSENT REVOKED","CONSENT REVOKED","CONSENT REVOKED","CONSENT REVOKED","CONSENT REVOKED","CONSENT REVOKED","CONSENT REVOKED","CONSENT REVOKED"
"625742df1c4c21e1901dc80c","59ddb39f62637600014a71c0","APPROVED","2022-04-13 21:38:42.678000","2022-04-13 22:02:53.620000","1450.942","41","236","4","98","2022-04-14 12:02:47.830000","91442ADD","United Kingdom","United Kingdom","Not in paid work (e.g. homemaker', 'retired or disabled)","English","English","United Kingdom","England","English","Female","No"
"62574314a448581abf9dd99f","59d585d3d1ab390001da2f35","RETURNED","2022-04-13 21:40:49.068000","","53301.638364","42","577","0","100","","","CONSENT REVOKED","CONSENT REVOKED","CONSENT REVOKED","CONSENT REVOKED","CONSENT REVOKED","CONSENT REVOKED","CONSENT REVOKED","CONSENT REVOKED","CONSENT REVOKED","CONSENT REVOKED"
"62574317ee28e3e3d1f9c441","60d384d9fd4051875da6eefa","APPROVED","2022-04-13 21:39:40.740000","2022-04-13 22:00:51.190000","1270.45","59","127","1","100","2022-04-14 11:59:21.556000","91442ADD","United Kingdom","United Kingdom","Part-Time","English","English","United Kingdom","England","English","Female","No"
"6257435c24a82dbb35535dd8","5dee651e58776a51569d31f3","RETURNED","2022-04-13 21:41:15.538000","","53275.192417","49","746","1","100","","","CONSENT REVOKED","CONSENT REVOKED","CONSENT REVOKED","CONSENT REVOKED","CONSENT REVOKED","CONSENT REVOKED","CONSENT REVOKED","CONSENT REVOKED","CONSENT REVOKED","CONSENT REVOKED"
"62574365c3141b9645e683f2","5fe0ee558f6210a893332629","REJECTED","2022-04-13 21:40:56.183000","2022-04-13 21:52:58.504000","722.321","22","50","1","99","2022-04-14 11:58:35.767000","91442ADD","United Kingdom","United Kingdom","Part-Time","English","English","United Kingdom","England","English","Female","Yes"
"62574443e023fece692fea25","57a36f499bd3d70001e5230e","APPROVED","2022-04-13 21:44:45.182000","2022-04-13 21:53:23.382000","518.2","36","733","5","100","2022-04-14 12:02:57.973000","91442ADD","United Kingdom","United Kingdom","Full-Time","English","English","United Kingdom","England","English","Female","No"
"62574acf1f8968931dcbd1e5","5c4e52e566c1530001c0f7bc","APPROVED","2022-04-13 22:12:41.251000","2022-04-13 22:22:39.727000","598.476","35","417","1","100","2022-04-14 12:02:59.320000","91442ADD","United Kingdom","United Kingdom","Full-Time","English","English","United Kingdom","England","English","Female","No"
"62580ec23e3b9e2ad8c19a95","61472ffa79287afd8ac9b949","APPROVED","2022-04-14 12:08:37.166000","2022-04-14 12:20:07.274000","690.108","29","228","3","98","2022-04-14 12:28:54.213000","91442ADD","United Kingdom","United Kingdom","Full-Time","English","English","United Kingdom","England","English","Female","No"