session_id,participant_id,status,started_datetime,completed_date_time,time_taken,age,num_approvals,num_rejections,prolific_score,reviewed_at_datetime,entered_code,Country of Birth,Current Country of Residence,Employment Status,First Language,Fluent languages,Nationality,Nationality (UK),Primary Language,Sex,Student Status
62ab011e11c5519c8f3cb265,5f8d95b237ef2909f5c749b7,APPROVED,2022-06-16 10:08:33.945000,2022-06-16 10:19:00.387000,626.442,36,304,0,100,2022-06-23 17:06:22.347000,91442ADD,United Kingdom,United Kingdom,Full-Time,English,English,United Kingdom,England,English,Male,No
62ab034afd2eaa1b9d574047,5c478db1d4f0610001efde1f,APPROVED,2022-06-16 10:17:50.230000,2022-06-16 10:46:35.103000,1724.873,38,210,0,100,2022-06-23 17:06:21.559000,91442ADD,United Kingdom,United Kingdom,Part-Time,English,English,United Kingdom,England,English,Female,No
62ab04a74a9571f37125897e,5f8332b20ea88a489c36b41a,APPROVED,2022-06-16 10:23:37.647000,2022-06-16 10:40:32.428000,1014.781,21,522,4,99,2022-06-23 17:06:20.807000,91442ADD,United Kingdom,United Kingdom,Part-Time,English,"English, French, German",United Kingdom,England,English,Male,Yes
62ab04acb0e0b52d3c8627d8,611fdbcae40b26b6f6025cfe,APPROVED,2022-06-16 10:23:43.032000,2022-06-16 10:35:58.964000,735.932,19,223,2,100,2022-06-23 17:06:19.888000,91442ADD,United Kingdom,United Kingdom,Other,English,English,United Kingdom,England,English,Male,Yes
62ab0545c40f8caa42800b3d,5f14d76ee1b34e0e1cfcbf59,RETURNED,2022-06-16 10:26:23.364000,,628802.480317,20,222,1,100,,,CONSENT REVOKED,CONSENT REVOKED,CONSENT REVOKED,CONSENT REVOKED,CONSENT REVOKED,CONSENT REVOKED,CONSENT REVOKED,CONSENT REVOKED,CONSENT REVOKED,CONSENT REVOKED
62ab056d566537b11d805d50,607ec4d244364b1b619a1b73,TIMED-OUT,2022-06-16 10:27:03.074000,,628762.789353,37,139,5,96,,,United Kingdom,United Kingdom,Full-Time,English,English,United Kingdom,England,English,Male,No
62ab05a067031d4a4e471fd9,6154463474d88dfc259ef4b8,APPROVED,2022-06-16 10:27:46.012000,2022-06-16 11:01:50.178000,2044.166,59,202,1,100,2022-06-23 17:06:18.400000,91442ADD,United Kingdom,United Kingdom,Part-Time,English,English,United Kingdom,England,English,Female,No
62ab05a34df26f20af6d7418,6176c90aa905394666f5ac46,RETURNED,2022-06-16 10:27:50.642000,,628715.254087,39,104,0,100,,,CONSENT REVOKED,CONSENT REVOKED,CONSENT REVOKED,CONSENT REVOKED,CONSENT REVOKED,CONSENT REVOKED,CONSENT REVOKED,CONSENT REVOKED,CONSENT REVOKED,CONSENT REVOKED
62ab05d008d24892611824fe,570a87445e07ac000f6eabc3,RETURNED,2022-06-16 10:28:35.154000,,628670.759272,46,330,0,100,,,CONSENT REVOKED,CONSENT REVOKED,CONSENT REVOKED,CONSENT REVOKED,CONSENT REVOKED,CONSENT REVOKED,CONSENT REVOKED,CONSENT REVOKED,CONSENT REVOKED,CONSENT REVOKED
62ab05d13d328782b97d914a,62a8adde68179d9bed8fdc1c,APPROVED,2022-06-16 10:28:38.339000,2022-06-16 10:36:45.384000,487.045,18,11,0,100,2022-06-23 17:06:16.454000,91442ADD,United Kingdom,United Kingdom,Part-Time,English,English,United Kingdom,England,English,Male,Yes
62ab061a21d9882c4c632df3,5975b75a2356570001085d0c,APPROVED,2022-06-16 10:29:50.098000,2022-06-16 10:42:17.723000,747.625,42,1694,1,100,2022-06-23 17:06:15.071000,91442ADD,United Kingdom,United Kingdom,Full-Time,English,English,United Kingdom,England,English,Female,No
62ab066a845ea3f5990eb6d0,623486498bd0c914e6242bed,APPROVED,2022-06-16 10:31:12.251000,2022-06-16 10:47:49.543000,997.292,48,133,0,100,2022-06-23 17:06:13.069000,91442ADD,United Kingdom,United Kingdom,"Not in paid work (e.g. homemaker', 'retired or disabled)",English,English,United Kingdom,England,English,Female,No
62ab07532ac2151d3a6e64a3,5f72adea4576d21f8ac889a0,APPROVED,2022-06-16 10:35:01.808000,2022-06-16 10:44:06.688000,544.88,31,550,4,99,2022-06-23 17:06:14.725000,91442ADD,United Kingdom,United Kingdom,Full-Time,English,English,United Kingdom,England,English,Male,No
62ab17c3df2c01466b490d0e,5f7f93d23baaf8161cd10edd,APPROVED,2022-06-16 11:45:07.938000,2022-06-16 11:52:00.817000,412.879,23,443,2,100,2022-06-23 17:06:11.479000,91442ADD,United Kingdom,Poland,Full-Time,English,"English, German, Dutch, Norwegian",United Kingdom,England,"English, Polish",Male,Yes
