"session_id","participant_id","status","started_datetime","completed_date_time","time_taken","age","num_approvals","num_rejections","prolific_score","reviewed_at_datetime","entered_code","Country of Birth","Current Country of Residence","Employment Status","First Language","Fluent languages","Nationality","Nationality (UK)","Primary Language","Sex","Student Status"
"62aafd9ca81ca12ec63349ba","5ac52d5768b65b00018d59b6","TIMED-OUT","2022-06-16 09:53:34.861000","","614034.596891","46","682","9","97","","","United Kingdom","United Kingdom","Part-Time","English","English","United Kingdom","England","English","Female","DATA EXPIRED"
"62aafddf572a606fbc141da4","5da9d8ef79d2ea00160030b0","RETURNED","2022-06-16 09:54:56.788000","","613952.683926","32","141","1","100","","","CONSENT REVOKED","CONSENT REVOKED","CONSENT REVOKED","CONSENT REVOKED","CONSENT REVOKED","CONSENT REVOKED","CONSENT REVOKED","CONSENT REVOKED","CONSENT REVOKED","CONSENT REVOKED"
"62aaff37baa9a5bb63af93c1","6229eb7cb5fc483051d3be41","RETURNED","2022-06-16 10:00:27.618000","","613621.867706","52","137","0","100","","","CONSENT REVOKED","CONSENT REVOKED","CONSENT REVOKED","CONSENT REVOKED","CONSENT REVOKED","CONSENT REVOKED","CONSENT REVOKED","CONSENT REVOKED","CONSENT REVOKED","CONSENT REVOKED"
"62aaffdcf17af80217b11aab","5e8564ad2c33ae156b696c95","APPROVED","2022-06-16 10:03:27.583000","2022-06-16 10:28:19.594000","1492.011","30","210","0","100","2022-06-23 12:27:23.300000","91442ADD","United Kingdom","United Kingdom","DATA EXPIRED","English","English","United Kingdom","England","English","Male","No"
"62aaffde1664028946686136","612fd7e2ff930c4ce9acfa4e","APPROVED","2022-06-16 10:03:16.619000","2022-06-16 10:20:47.492000","1050.873","51","355","5","99","2022-06-23 12:27:24.354000","91442ADD","United Kingdom","United Kingdom","Part-Time","English","English","United Kingdom","England","English","Female","No"
"62aaffe8283a5042c9aba257","5d461be7f624e10001115313","APPROVED","2022-06-16 10:03:24.095000","2022-06-16 10:22:22.895000","1138.8","26","111","1","100","2022-06-23 12:27:25.002000","91442ADD","United Kingdom","United Kingdom","Full-Time","English","English","United Kingdom","England","English","Female","No"
"62aaffebfd2eaa1b9d574025","60bfd9beee0836a5211841a4","APPROVED","2022-06-16 10:03:27.746000","2022-06-16 10:20:51.366000","1043.62","53","255","3","99","2022-06-23 12:27:21.770000","91442ADD","United Kingdom","Australia","Unemployed (and job seeking)","English","English","United Kingdom","England","English","Female","No"
"62ab001b26d811b52b60c803","5f66cd05ac166d1a77c917af","RETURNED","2022-06-16 10:04:14.656000","","613394.898647","25","649","3","100","","","CONSENT REVOKED","CONSENT REVOKED","CONSENT REVOKED","CONSENT REVOKED","CONSENT REVOKED","CONSENT REVOKED","CONSENT REVOKED","CONSENT REVOKED","CONSENT REVOKED","CONSENT REVOKED"
"62ab001b5b97fbd60123bb05","5a54dfa38e62590001759cc9","REJECTED","2022-06-16 10:04:14.394000","2022-06-16 10:22:26.680000","1092.286","38","786","8","98","2022-06-23 12:24:24.879000","91442ADD","United Kingdom","United Kingdom","Part-Time","English","English","United Kingdom","England","English","Female","No"
"62ab00241e1b9323537bf63a","59691b8de2a6a700014ca253","APPROVED","2022-06-16 10:04:23.503000","2022-06-16 10:18:49.263000","865.76","45","259","7","98","2022-06-23 12:27:17.758000","91442ADD","United Kingdom","United Kingdom","Part-Time","English","English","United Kingdom","England","English","Female","No"
"62ab0025d61317ee8acbfb7a","5a6e4286e6cc4a0001b6d281","APPROVED","2022-06-16 10:04:27.922000","2022-06-16 10:28:11.545000","1423.623","33","515","8","98","2022-06-23 12:27:16.255000","91442ADD","United Kingdom","United Kingdom","Full-Time","English","English","United Kingdom","England","English","Male","No"
"62ab00859c6c1b6f56931614","5c67d319dcdfb700014b065f","APPROVED","2022-06-16 10:06:01.385000","2022-06-16 10:18:18.784000","737.399","45","578","3","100","2022-06-23 12:27:14.665000","91442ADD","United Kingdom","United Kingdom","Part-Time","English","English","United Kingdom","England","English","Male","No"
"62ab012ea3b4cba68397852e","6294c2dbf7758205264a0ae9","RETURNED","2022-06-16 10:08:49.512000","","613120.113087","31","38","1","99","","","CONSENT REVOKED","CONSENT REVOKED","CONSENT REVOKED","CONSENT REVOKED","CONSENT REVOKED","CONSENT REVOKED","CONSENT REVOKED","CONSENT REVOKED","CONSENT REVOKED","CONSENT REVOKED"
"62ab01f6b27cf9ec09ac883d","5a510af3eedc32000141fe67","APPROVED","2022-06-16 10:12:20.447000","2022-06-16 10:29:58.299000","1057.852","56","350","3","100","2022-06-23 12:27:12.974000","91442ADD","United Kingdom","United Kingdom","Full-Time","English","English","United Kingdom","England","English","Female","No"
"62ab0f4cc1f420582c709fc0","613dd5fb512aabe8d5d32393","APPROVED","2022-06-16 11:09:32.177000","2022-06-16 11:33:54.736000","1462.559","32","432","3","100","2022-06-23 12:27:11.435000","91442ADD","United Kingdom","United Kingdom","Not in paid work (e.g. homemaker', 'retired or disabled)","English","English","United Kingdom","England","English","Female","No"
"62b5e9b3693dc079d5f27ad9","5c72a4c616dc790001bdf2b0","APPROVED","2022-06-24 16:43:39.045000","2022-06-24 17:04:45.905000","1266.86","44","248","1","100","2022-06-24 17:11:21.190000","91442ADD","United Kingdom","United Kingdom","Full-Time","English","English","United Kingdom","England","English","Female","No"