session_id,participant_id,status,started_datetime,completed_date_time,time_taken,age,num_approvals,num_rejections,prolific_score,reviewed_at_datetime,entered_code,Country of Birth,Current Country of Residence,Employment Status,First Language,Fluent languages,Nationality,Nationality (UK),Primary Language,Sex,Student Status
629f227ac03122208e8ec486,59aef9a89f80a10001e82258,RETURNED,2022-06-07 10:03:42.109000,,25641.277997,24,75,2,97,,,CONSENT REVOKED,CONSENT REVOKED,CONSENT REVOKED,CONSENT REVOKED,CONSENT REVOKED,CONSENT REVOKED,CONSENT REVOKED,CONSENT REVOKED,CONSENT REVOKED,CONSENT REVOKED
629f227c0e02397ff1337312,5e1dc4c7b03649000a612270,APPROVED,2022-06-07 10:03:45.881000,2022-06-07 10:12:58.444000,552.563,31,74,0,100,2022-06-07 17:09:06.640000,91442ADD,United Kingdom,United Kingdom,"Not in paid work (e.g. homemaker', 'retired or disabled)",English,English,United Kingdom,England,English,Female,No
629f229efe1c97e7cf38c88f,5f2178ec626bc35254b5145e,APPROVED,2022-06-07 10:04:20.862000,2022-06-07 10:29:08.118000,1487.256,68,515,2,100,2022-06-07 17:09:05.903000,91442ADD,United Kingdom,United Kingdom,"Not in paid work (e.g. homemaker', 'retired or disabled)",English,English,United Kingdom,England,English,Female,No
629f22c5152e9420f275bf8d,57edb2f6045a690001bf1e7d,APPROVED,2022-06-07 10:04:58.565000,2022-06-07 10:20:01.242000,902.677,32,218,5,97,2022-06-07 17:09:05.168000,91442ADD,United Kingdom,United Kingdom,"Not in paid work (e.g. homemaker', 'retired or disabled)",English,"English, Polish, German",United Kingdom,Scotland,"English, Polish",Male,No
629f22ddca7cc44b6b45a005,59d3b5239e5232000164bbef,TIMED-OUT,2022-06-07 10:05:22.762000,,25540.675073,61,896,7,99,,,United Kingdom,United States,Part-Time,English,English,United Kingdom,England,English,Female,No
629f22ef98c75d72f44f4ae3,5b1edfb15e45c000012a9cb2,APPROVED,2022-06-07 10:05:42.693000,2022-06-07 10:38:39.460000,1976.767,63,692,7,99,2022-06-07 17:09:03.703000,91442ADD,United Kingdom,United Kingdom,"Not in paid work (e.g. homemaker', 'retired or disabled)",English,English,United Kingdom,England,English,Female,No
629f22f88dde709aba09cff6,5960a96e07ed5e0001cd0ddf,APPROVED,2022-06-07 10:05:53.652000,2022-06-07 10:15:09.734000,556.082,36,450,9,98,2022-06-07 17:09:02.725000,91442ADD,United Kingdom,United Kingdom,Full-Time,English,English,United Kingdom,England,English,Female,DATA EXPIRED
629f232e315dc14b96c05ba6,6127a10a1185693f244def6b,APPROVED,2022-06-07 10:06:44.262000,2022-06-07 10:19:37.683000,773.421,62,225,2,99,2022-06-07 17:09:00.756000,91442ADD,United Kingdom,United Kingdom,"Not in paid work (e.g. homemaker', 'retired or disabled)",English,English,United Kingdom,England,English,Female,No
629f232fdcca15508d75d267,5a4bbfd5d5b53b0001f81eb1,APPROVED,2022-06-07 10:06:44.190000,2022-06-07 10:26:40.111000,1195.921,27,84,0,100,2022-06-07 17:09:01.588000,91442ADD,United Kingdom,United Kingdom,Full-Time,English,English,United Kingdom,England,English,Female,No
629f238441661401672f8456,613cc405cbaa1d231f1cda73,APPROVED,2022-06-07 10:08:06.924000,2022-06-07 10:24:30.146000,983.222,28,172,2,99,2022-06-07 17:08:59.666000,91442ADD,United Kingdom,United Kingdom,Full-Time,English,English,United Kingdom,England,English,Female,No
629f239251292c261e02b09a,5cdebc5cc07328001a4bfd93,APPROVED,2022-06-07 10:08:20.398000,2022-06-07 10:19:10.405000,650.007,39,511,3,100,2022-06-07 17:08:58.703000,91442ADD,United Kingdom,United Kingdom,DATA EXPIRED,English,English,United Kingdom,England,English,Female,No
629f333d1093be77a8b5ca9e,60eec0367a7cc5ea6ed0e099,APPROVED,2022-06-07 11:15:09.683000,2022-06-07 11:27:39.582000,749.899,39,406,6,98,2022-06-07 17:08:58.064000,91442ADD,United Kingdom,United Kingdom,Full-Time,English,English,United Kingdom,Wales,English,Male,No
