session_id,participant_id,status,started_datetime,completed_date_time,time_taken,age,num_approvals,num_rejections,prolific_score,reviewed_at_datetime,entered_code,Country of Birth,Current Country of Residence,Employment Status,First Language,Fluent languages,Nationality,Nationality (UK),Primary Language,Sex,Student Status
62b72727fbdae8f187dffc4f,627e79e832735d7aaa0b4684,APPROVED,2022-06-25 15:18:03.824000,2022-06-25 15:27:47.291000,583.467,30,59,0,100,2022-06-28 19:20:43.905000,91442ADD,United Kingdom,United Kingdom,"Not in paid work (e.g. homemaker', 'retired or disabled)",English,English,United Kingdom,England,English,Female,No
62b72d881e98c22561170f2c,5cb782e09e9daf0001d4a933,APPROVED,2022-06-25 15:45:15.755000,2022-06-25 16:29:25.885000,2650.13,39,326,1,100,2022-06-28 19:20:43.060000,91442ADD,United Kingdom,United Kingdom,Part-Time,English,English,United Kingdom,England,English,Female,No
62b72eaa643f1255dbd8bdbb,601a788b7ab49028cd7a4ad4,APPROVED,2022-06-25 15:50:04.961000,2022-06-25 15:59:12.130000,547.169,49,297,3,100,2022-06-28 19:20:42.718000,91442ADD,United Kingdom,Spain,Other,English,"English, Spanish",United Kingdom,England,English,Female,No
62b72ef62541413a482573fa,567e8b744f0ef30006dbb7cc,RETURNED,2022-06-25 15:51:21.883000,,271784.503741,35,469,2,100,,,CONSENT REVOKED,CONSENT REVOKED,CONSENT REVOKED,CONSENT REVOKED,CONSENT REVOKED,CONSENT REVOKED,CONSENT REVOKED,CONSENT REVOKED,CONSENT REVOKED,CONSENT REVOKED
62b72f3c4ee5d1aaf5f6cc4c,6139e17b320b943dc7ec57b4,APPROVED,2022-06-25 15:52:31.763000,2022-06-25 16:00:28.374000,476.611,26,239,1,100,2022-06-28 19:20:40.536000,91442ADD,United Kingdom,United Kingdom,DATA EXPIRED,English,English,United Kingdom,England,English,Female,Yes
62b72f94a33f3d8745341509,611ae5e3c4ff5bd0bf0882db,RETURNED,2022-06-25 15:53:59.340000,,271627.087921,31,310,1,100,,,CONSENT REVOKED,CONSENT REVOKED,CONSENT REVOKED,CONSENT REVOKED,CONSENT REVOKED,CONSENT REVOKED,CONSENT REVOKED,CONSENT REVOKED,CONSENT REVOKED,CONSENT REVOKED
62b72f9941b2fb65d66ead82,5fc95de1cdee3944d33d6eb1,APPROVED,2022-06-25 15:54:04.741000,2022-06-25 16:06:34.479000,749.738,37,373,6,98,2022-06-28 19:20:38.296000,91442ADD,United Kingdom,United Kingdom,Part-Time,English,English,United Kingdom,England,English,Female,No
62b72fb5c9d55061e8d922ed,5f7620b93a2dd30771bb322e,APPROVED,2022-06-25 15:55:04.429000,2022-06-25 16:07:40.749000,756.32,26,161,1,100,2022-06-28 19:20:34.966000,91442ADD,United Kingdom,United Kingdom,Full-Time,English,English,United Kingdom,Wales,English,Male,No
62b72fc3738526b1e7257408,59a6aa43b2130b000179d303,APPROVED,2022-06-25 15:54:49.038000,2022-06-25 16:02:43.258000,474.22,44,809,2,100,2022-06-28 19:20:37.623000,91442ADD,United Kingdom,United Kingdom,Part-Time,English,English,United Kingdom,England,English,Female,No
62b72fd5134b624d24ed0669,5877066b1ed9d10001050b9a,RETURNED,2022-06-25 15:55:04.226000,,271562.611604,53,787,5,99,,,CONSENT REVOKED,CONSENT REVOKED,CONSENT REVOKED,CONSENT REVOKED,CONSENT REVOKED,CONSENT REVOKED,CONSENT REVOKED,CONSENT REVOKED,CONSENT REVOKED,CONSENT REVOKED
62b72fd681c4292432a39e6f,623485c9b9fbf4e35884f97f,APPROVED,2022-06-25 15:55:04.845000,2022-06-25 16:06:23.913000,679.068,27,163,0,100,2022-06-28 19:20:33.984000,91442ADD,United Kingdom,United Kingdom,Other,English,English,United Kingdom,England,English,Male,No
62b73040bf39e4384e170f11,5e1ccec8551fa0000cdc1f0b,RETURNED,2022-06-25 15:56:53.055000,,271453.816448,38,567,2,100,,,CONSENT REVOKED,CONSENT REVOKED,CONSENT REVOKED,CONSENT REVOKED,CONSENT REVOKED,CONSENT REVOKED,CONSENT REVOKED,CONSENT REVOKED,CONSENT REVOKED,CONSENT REVOKED
62b730c6cd3e68785898f5ee,615f4e20d504f648ffd22972,APPROVED,2022-06-25 15:59:02.226000,2022-06-25 16:15:25.628000,983.402,33,94,1,100,2022-06-28 19:20:31.575000,91442ADD,United Kingdom,United Kingdom,Part-Time,English,English,United Kingdom,England,English,Female,No
62b7328e02d2552b11c09260,5ef0c9b95817dc145532fcee,APPROVED,2022-06-25 16:06:48.473000,2022-06-25 16:53:22.415000,2793.942,31,852,4,100,2022-06-28 19:20:30.826000,91442ADD,United Kingdom,United Kingdom,Full-Time,English,English,United Kingdom,England,English,Male,No
