"session_id","participant_id","status","started_datetime","completed_date_time","time_taken","age","num_approvals","num_rejections","prolific_score","reviewed_at_datetime","entered_code","Country of Birth","Current Country of Residence","Employment Status","First Language","Fluent languages","Nationality","Nationality (UK)","Primary Language","Sex","Student Status"
"62570b206ae01b29d46cdf36","5e2898430beb030690aa64f6","REJECTED","2022-04-13 17:40:58.080000","2022-04-13 17:57:53.394000","1015.314","56","362","3","100","2022-04-13 18:24:46.663000","91442ADD","United Kingdom","United Kingdom","Not in paid work (e.g. homemaker', 'retired or disabled)","English","English","United Kingdom","England","English","Male","No"
"62570bbc114544492af0e3cc","5af093b0c36b060001f7dda4","APPROVED","2022-04-13 17:43:27.236000","2022-04-13 17:50:33.406000","426.17","34","189","1","100","2022-04-13 18:49:49.910000","91442ADD","United Kingdom","United Kingdom","Full-Time","English","English","United Kingdom","England","English","Female","No"
"62570c875eadd02d252fa0a9","5fd230d129370e036c6989ee","RETURNED","2022-04-13 17:46:52.456000","","10783.872585","43","197","1","99","","","CONSENT REVOKED","CONSENT REVOKED","CONSENT REVOKED","CONSENT REVOKED","CONSENT REVOKED","CONSENT REVOKED","CONSENT REVOKED","CONSENT REVOKED","CONSENT REVOKED","CONSENT REVOKED"
"62570ca4c2f5ef6b1fcb6552","5e93b11003fcc31e98668579","APPROVED","2022-04-13 17:47:23.156000","2022-04-13 17:56:30.150000","546.994","20","506","2","100","2022-04-13 18:50:01.932000","91442ADD","United Kingdom","United Kingdom","Not in paid work (e.g. homemaker', 'retired or disabled)","English","English","United Kingdom","England","English","Female","Yes"
"62570d070b27f464b49c7b50","60e5f0568451dcb63c18d321","RETURNED","2022-04-13 17:49:00.368000","","10656.037728","27","73","3","97","","","CONSENT REVOKED","CONSENT REVOKED","CONSENT REVOKED","CONSENT REVOKED","CONSENT REVOKED","CONSENT REVOKED","CONSENT REVOKED","CONSENT REVOKED","CONSENT REVOKED","CONSENT REVOKED"
"62570d2183059534a638516c","60e0ac8e365f0b68f81e4ba2","APPROVED","2022-04-13 17:49:34.548000","2022-04-13 18:04:57.603000","923.055","59","174","3","99","2022-04-13 18:25:55.644000","91442ADD","United Kingdom","United Kingdom","Part-Time","English","English","United Kingdom","England","English","Female","No"
"62570d46fc7de9bc94d4ea09","5fcbf32f800c809ff1048505","APPROVED","2022-04-13 17:50:04.494000","2022-04-13 18:00:34.500000","630.006","30","331","1","100","2022-04-13 18:25:53.260000","91442ADD","United Kingdom","United Kingdom","Part-Time","English","English","United Kingdom","Scotland","English","Female","No"
"62570d7acac4cb4d5ee2bedb","5c430f6489f63e000179cd16","REJECTED","2022-04-13 17:50:55.494000","2022-04-13 18:02:28.908000","693.414","39","476","8","95","2022-04-13 18:23:40.967000","91442ADD","United Kingdom","United Kingdom","DATA EXPIRED","English","English","United Kingdom","Scotland","English","Female","DATA EXPIRED"
"62570dbfba242391c4a4e08b","60dd295ad3dda740c8d5e2b0","APPROVED","2022-04-13 17:52:10.966000","2022-04-13 17:59:58.678000","467.712","21","116","2","99","2022-04-13 18:25:14.328000","91442ADD","United Kingdom","United Kingdom","Unemployed (and job seeking)","English","English, French","United Kingdom","Wales","English","Female","Yes"
"62570dd7401c35ff3f84efb8","6071cfcc06ecdbbd2f94b821","APPROVED","2022-04-13 17:52:31.289000","2022-04-13 18:25:12.607000","1961.318","52","246","0","100","2022-04-13 18:25:12.777000","Manual Completion","United Kingdom","United Kingdom","Unemployed (and job seeking)","English","English","United Kingdom","England","English","Female","No"
"62570e3dc72ea73abb62b33f","5c1046ecc3871300012be2a0","APPROVED","2022-04-13 17:54:06.876000","2022-04-13 18:19:07.854000","1500.978","22","350","9","96","2022-04-13 18:25:11.831000","91442ADD","United Kingdom","United Kingdom","Unemployed (and job seeking)","English","English, French, Russian","United Kingdom","England","English","Female","Yes"
"62570e96ea8da2ad3b73c3b1","5cabd1e67dfcbf0017803fb9","APPROVED","2022-04-13 17:55:39.107000","2022-04-13 18:10:09.598000","870.491","28","241","2","99","2022-04-13 18:25:10.350000","91442ADD","United Kingdom","United Kingdom","Part-Time","English","English","United Kingdom","Scotland","English","Female","No"
"62570ecaf8d4eb7d175ea6e4","607f04ef51ec555c53548beb","APPROVED","2022-04-13 17:56:26.730000","2022-04-13 18:13:01.099000","994.369","62","76","1","100","2022-04-13 18:25:09.371000","91442ADD","United Kingdom","United Kingdom","Not in paid work (e.g. homemaker', 'retired or disabled)","English","English","United Kingdom","England","English","Female","No"
"625715495e9cc733a13fd389","6078a81cf8cca30168a09a59","APPROVED","2022-04-13 18:24:18.339000","2022-04-13 18:35:19.351000","661.012","44","229","1","100","2022-04-13 18:59:14.083000","91442ADD","United Kingdom","United Kingdom","Part-Time","English","English","United Kingdom","England","English","Female","No"
"6257157796256622573ea62d","5ce1d069f71e090016ae4a57","TIMED-OUT","2022-04-13 18:24:59.023000","","8497.662301","43","140","3","99","","","United Kingdom","United Kingdom","Not in paid work (e.g. homemaker', 'retired or disabled)","English","English","United Kingdom","England","English","Female","No"
"62572847201ef893bfb66db5","60a3ca2ed560f35f5a844fda","APPROVED","2022-04-13 19:45:33.321000","2022-04-13 20:01:06.866000","933.545","31","138","1","99","2022-04-13 20:46:18.347000","91442ADD","United Kingdom","United Kingdom","Part-Time","English","English","United Kingdom","England","English","Female","Yes"