session_id,participant_id,status,started_datetime,completed_date_time,time_taken,age,num_approvals,num_rejections,prolific_score,reviewed_at_datetime,entered_code,Country of Birth,Current Country of Residence,Employment Status,First Language,Fluent languages,Nationality,Nationality (UK),Primary Language,Sex,Student Status
625824162b65ab77c6be2d90,611bdc0a559f692248bf1c54,APPROVED,2022-04-14 13:39:36.903000,2022-04-14 13:54:20.703000,883.8,34,173,1,100,2022-04-14 14:38:48.285000,91442ADD,United Kingdom,United Kingdom,Part-Time,English,English,United Kingdom,England,English,Female,No
6258246681ebfcbcb4374609,5d264788d8c0080001ff782e,APPROVED,2022-04-14 13:40:57.704000,2022-04-14 13:50:08.544000,550.84,24,508,4,99,2022-04-14 14:37:39.368000,91442ADD,United Kingdom,United Kingdom,Part-Time,English,"French, English",United Kingdom,England,English,Female,Yes
625824da591d6970882bbbe7,55ba0babfdf99b09bd1bec17,APPROVED,2022-04-14 13:42:56.337000,2022-04-14 14:16:15.882000,1999.545,41,1920,8,100,2022-04-14 14:37:06.527000,91442ADD,United Kingdom,United Kingdom,Full-Time,English,English,United Kingdom,England,English,Male,No
625824e013991191cbdb4de3,5d32005bc117ec0001d1f83c,APPROVED,2022-04-14 13:42:59.607000,2022-04-14 13:57:57.234000,897.627,21,271,1,100,2022-04-14 14:37:47.400000,91442ADD,United Kingdom,United Kingdom,Unemployed (and job seeking),English,English,United Kingdom,England,English,Female,Yes
62582572f52d94f0b4f4d786,5dc8dff727a26762edc4c858,APPROVED,2022-04-14 13:45:26.262000,2022-04-14 13:57:52.682000,746.42,33,75,0,100,2022-04-14 14:37:54.793000,91442ADD,United Kingdom,United Kingdom,Other,English,English,United Kingdom,Scotland,English,Female,No
62582626933a57d2f3443a54,5c940c78e2d9fb0001386eb0,APPROVED,2022-04-14 13:48:24.109000,2022-04-14 14:01:19.982000,775.873,45,400,7,94,2022-04-14 14:37:31.280000,91442ADD,United Kingdom,United Kingdom,"Not in paid work (e.g. homemaker', 'retired or disabled)",English,English,United Kingdom,Scotland,English,Female,No
6258265a6d74ce99ccd33432,60d3a7ce58da5a1177c50e46,REJECTED,2022-04-14 13:49:18.032000,2022-04-14 13:53:45.628000,267.596,19,86,3,97,2022-04-14 14:39:04.299000,91442ADD,United Kingdom,United Kingdom,Other,English,English,United Kingdom,England,English,Female,Yes
625826986a5c5d8b1aad8ec9,6109a0f39ba3d8ac0555ac3d,APPROVED,2022-04-14 13:50:19.666000,2022-04-14 14:01:21.946000,662.28,25,103,2,99,2022-04-14 14:38:35.202000,91442ADD,United Kingdom,United Kingdom,Full-Time,English,English,United Kingdom,Northern Ireland,English,Female,No
625826bc7d626e3336a4b1a9,60dc73f3ffca99c7c0bd4db9,APPROVED,2022-04-14 13:50:55.590000,2022-04-14 14:00:00.890000,545.3,36,162,3,95,2022-04-14 14:38:25.750000,91442ADD,United Kingdom,United Kingdom,Full-Time,English,English,United Kingdom,Wales,English,Female,No
625826cb658b2270d205e680,59024c8c70eeec000180b2b3,APPROVED,2022-04-14 13:52:45.903000,2022-04-14 14:09:26.624000,1000.721,42,535,3,100,2022-04-14 14:37:23.395000,91442ADD,United Kingdom,United Kingdom,Part-Time,English,English,United Kingdom,Scotland,English,Female,No
62583219b0bcd26f412bea3c,5689916dd3d6a7000aa1cbf0,REJECTED,2022-04-14 14:39:29.651000,2022-04-14 14:46:50.124000,440.473,28,1373,17,98,2022-04-14 14:58:18.371000,91442ADD,United Kingdom,United Kingdom,Part-Time,English,English,United Kingdom,England,English,Female,No
625836b55723b539f5165762,6166e1e6b772aa81f6deee4d,APPROVED,2022-04-14 14:59:04.433000,2022-04-14 15:05:00.973000,356.54,21,30,0,100,2022-04-14 15:49:54.788000,91442ADD,United Kingdom,United Kingdom,Unemployed (and job seeking),English,English,United Kingdom,England,English,Female,No
