session_id,participant_id,status,started_datetime,completed_date_time,time_taken,age,num_approvals,num_rejections,prolific_score,reviewed_at_datetime,entered_code,Country of Birth,Current Country of Residence,Employment Status,First Language,Fluent languages,Nationality,Nationality (UK),Primary Language,Sex,Student Status
629f1c3f67561f17c83a73cb,5dc8dff727a26762edc4c858,APPROVED,2022-06-07 09:37:13.060000,2022-06-07 09:53:04.936000,951.876,34,91,0,100,2022-06-07 16:31:40.764000,91442ADD,United Kingdom,United Kingdom,Other,English,English,United Kingdom,Scotland,English,Female,DATA EXPIRED
629f1c9c4b3102dd6bf3332f,5e812ef5a4af3381da888d15,RETURNED,2022-06-07 09:38:36.841000,,27340.590634,21,142,1,100,,,CONSENT REVOKED,CONSENT REVOKED,CONSENT REVOKED,CONSENT REVOKED,CONSENT REVOKED,CONSENT REVOKED,CONSENT REVOKED,CONSENT REVOKED,CONSENT REVOKED,CONSENT REVOKED
629f1d14d8bddd86af3b4422,59ea3dc2d838ae0001850dce,RETURNED,2022-06-07 09:51:00.017000,,26597.469714,30,110,0,100,,,CONSENT REVOKED,CONSENT REVOKED,CONSENT REVOKED,CONSENT REVOKED,CONSENT REVOKED,CONSENT REVOKED,CONSENT REVOKED,CONSENT REVOKED,CONSENT REVOKED,CONSENT REVOKED
629f1d9387a78b11922f8443,57f37e0ce2ba190001eaa231,APPROVED,2022-06-07 09:42:46.153000,2022-06-07 09:57:22.143000,875.99,27,20,0,100,2022-06-07 16:31:39.154000,91442ADD,United Kingdom,United Kingdom,Full-Time,English,English,United Kingdom,England,English,Female,No
629f1da977fb5988bd54fdc3,6127e3cf893829d55b589dc6,APPROVED,2022-06-07 09:43:07.946000,2022-06-07 09:52:35.341000,567.395,28,260,1,100,2022-06-07 16:31:37.641000,91442ADD,United Kingdom,United Kingdom,Full-Time,English,English,United Kingdom,England,English,Female,No
629f1db2d2b0e1e798ed9c2d,613a37e33097b211b197ee7a,APPROVED,2022-06-07 09:43:18.420000,2022-06-07 09:54:01.656000,643.236,23,151,2,100,2022-06-07 16:30:30.429000,91442ADD,United Kingdom,United Kingdom,Full-Time,English,English,United Kingdom,Wales,English,Female,No
629f1dbe732e24f9f85cd8ac,62029bb4ef1cb18a1337c8a8,APPROVED,2022-06-07 09:43:53.769000,2022-06-07 09:57:48.150000,834.381,57,77,0,100,2022-06-07 16:31:24.938000,91442ADD,United Kingdom,United Kingdom,Full-Time,English,English,United Kingdom,England,English,Female,No
629f1df041fcfe7d69987204,60d4923afedd411128df1ce2,APPROVED,2022-06-07 09:44:21.343000,2022-06-07 09:52:08.536000,467.193,26,105,1,100,2022-06-07 16:31:25.204000,91442ADD,United Kingdom,United Kingdom,Full-Time,English,English,United Kingdom,England,English,Female,No
629f1e08864843fdb08b139a,5cbef0a9a9b23200139ebcfa,APPROVED,2022-06-07 09:44:43.200000,2022-06-07 09:51:53.992000,430.792,24,212,5,98,2022-06-07 16:31:26.473000,91442ADD,United Kingdom,United Kingdom,Full-Time,English,English,United Kingdom,England,English,Female,No
629f1e43c52366a00f6d9a41,5fc0f6b4f3d9a206094a46a2,APPROVED,2022-06-07 09:45:39.397000,2022-06-07 10:10:38.087000,1498.69,64,170,2,100,2022-06-07 16:31:28.139000,91442ADD,United Kingdom,United Kingdom,"Not in paid work (e.g. homemaker', 'retired or disabled)",English,English,United Kingdom,England,English,Female,No
629f1ecb84826e1e1b3c8918,5a71bed66923df0001efb15b,APPROVED,2022-06-07 09:47:57.142000,2022-06-07 10:01:36.771000,819.629,38,310,5,99,2022-06-07 16:31:28.781000,91442ADD,United Kingdom,United Kingdom,Part-Time,English,English,United Kingdom,England,English,Female,No
629f1f9e20bdaa2eeb25aa2a,59f1fd70a6ce6d000139d947,REJECTED,2022-06-07 09:51:33.295000,2022-06-07 10:02:31.222000,657.927,32,112,6,93,2022-06-07 16:22:54.563000,91442ADD,United Kingdom,United Kingdom,Full-Time,English,English,United Kingdom,Wales,English,Female,Yes
629f7cdaa087270d3ae3a40f,5c478db1d4f0610001efde1f,APPROVED,2022-06-07 16:29:18.542000,2022-06-07 16:52:40.706000,1402.164,38,198,0,100,2022-06-07 17:13:16.842000,91442ADD,United Kingdom,United Kingdom,Part-Time,English,English,United Kingdom,England,English,Female,No
