session_id,participant_id,status,started_datetime,completed_date_time,time_taken,age,num_approvals,num_rejections,prolific_score,reviewed_at_datetime,entered_code,Country of Birth,Current Country of Residence,Employment Status,First Language,Fluent languages,Nationality,Nationality (UK),Primary Language,Sex,Student Status
62b72b2cbb94ca1e1f7d1f29,58f93198dbfafa0001d227c9,RETURNED,2022-06-25 15:35:11.994000,,270687.648168,37,1002,4,100,,,CONSENT REVOKED,CONSENT REVOKED,CONSENT REVOKED,CONSENT REVOKED,CONSENT REVOKED,CONSENT REVOKED,CONSENT REVOKED,CONSENT REVOKED,CONSENT REVOKED,CONSENT REVOKED
62b72c0fb9e19fa6d92573fd,600d5c8c1453384ddd64a376,RETURNED,2022-06-25 15:38:58.182000,,270461.47544,44,236,2,100,,,CONSENT REVOKED,CONSENT REVOKED,CONSENT REVOKED,CONSENT REVOKED,CONSENT REVOKED,CONSENT REVOKED,CONSENT REVOKED,CONSENT REVOKED,CONSENT REVOKED,CONSENT REVOKED
62b72e0df7c0439efbc331ff,5e8564ad2c33ae156b696c95,APPROVED,2022-06-25 15:47:29.323000,2022-06-25 16:00:18.399000,769.076,30,218,0,100,2022-06-28 15:29:53.835000,91442ADD,United Kingdom,United Kingdom,DATA EXPIRED,English,English,United Kingdom,England,English,Male,DATA EXPIRED
62b72e32d6f12a335ef5c5a5,612fe4f93ddc0ce75fb0a205,RETURNED,2022-06-25 15:48:13.232000,,269906.452733,70,111,2,99,,,CONSENT REVOKED,CONSENT REVOKED,CONSENT REVOKED,CONSENT REVOKED,CONSENT REVOKED,CONSENT REVOKED,CONSENT REVOKED,CONSENT REVOKED,CONSENT REVOKED,CONSENT REVOKED
62b72e43b48ee7c67f8fa255,60eb11e45f3e9cb0ae58a090,RETURNED,2022-06-25 15:48:32.214000,,269887.490611,35,349,0,100,,,CONSENT REVOKED,CONSENT REVOKED,CONSENT REVOKED,CONSENT REVOKED,CONSENT REVOKED,CONSENT REVOKED,CONSENT REVOKED,CONSENT REVOKED,CONSENT REVOKED,CONSENT REVOKED
62b72e6d80f3b9f21063c07d,5af5a6464cca7000010c5c6a,RETURNED,2022-06-25 15:49:04.867000,,269854.850429,50,257,3,99,,,CONSENT REVOKED,CONSENT REVOKED,CONSENT REVOKED,CONSENT REVOKED,CONSENT REVOKED,CONSENT REVOKED,CONSENT REVOKED,CONSENT REVOKED,CONSENT REVOKED,CONSENT REVOKED
62b72e841a68df0861f6cc7f,5c879d4aeceaa40015d3f5c6,RETURNED,2022-06-25 15:49:29.767000,,269829.962609,44,886,3,100,,,CONSENT REVOKED,CONSENT REVOKED,CONSENT REVOKED,CONSENT REVOKED,CONSENT REVOKED,CONSENT REVOKED,CONSENT REVOKED,CONSENT REVOKED,CONSENT REVOKED,CONSENT REVOKED
62b72e8acb69ce3d931c5759,5c28d4912d26740001358613,APPROVED,2022-06-25 15:49:34.733000,2022-06-25 16:00:43.032000,668.299,44,519,4,100,2022-06-28 15:29:52.078000,91442ADD,United Kingdom,United Kingdom,"Not in paid work (e.g. homemaker', 'retired or disabled)",English,English,United Kingdom,England,English,Male,No
62b72e8d43a296a6b0a89ded,596cb7a35ad3920001cae434,APPROVED,2022-06-25 15:49:52.718000,2022-06-25 16:04:05.566000,852.848,23,729,1,100,2022-06-28 15:29:49.912000,91442ADD,United Kingdom,United Kingdom,DATA EXPIRED,English,"English, French",United Kingdom,England,English,Male,DATA EXPIRED
62b72e990703454a6d3fc256,5e08b939f9e7501c6b40c650,REJECTED,2022-06-25 15:49:48.299000,2022-06-25 16:06:46.992000,1018.693,33,518,2,100,2022-06-28 15:28:00.817000,91442ADD,United Kingdom,United Kingdom,Full-Time,English,English,United Kingdom,England,English,Female,No
62b72ec81aedd799daed066d,5a67b46ec0d836000108089f,APPROVED,2022-06-25 15:50:36.111000,2022-06-25 15:58:25.922000,469.811,43,765,4,100,2022-06-28 15:29:47.931000,91442ADD,United Kingdom,United Kingdom,"Not in paid work (e.g. homemaker', 'retired or disabled)",English,"English, French",United Kingdom,England,English,Female,No
62b72eca346470947dfa46dc,59b859e711212f0001cd10ff,APPROVED,2022-06-25 15:50:34.219000,2022-06-25 16:03:55.658000,801.439,47,1210,11,99,2022-06-28 15:29:49.355000,91442ADD,United Kingdom,United Kingdom,Part-Time,English,English,United Kingdom,England,English,Male,No
62b72ed286e968addaf27ac8,5b0c33b1444cef0001ca5382,APPROVED,2022-06-25 15:50:47.602000,2022-06-25 16:07:36.212000,1008.61,29,555,0,100,2022-06-28 15:29:46.929000,91442ADD,United Kingdom,United Kingdom,Other,English,English,United Kingdom,England,English,Female,No
62b72f1ca35837a4f1784ce0,59ebb3eabe399f0001e4a293,APPROVED,2022-06-25 15:52:04.149000,2022-06-25 16:00:18.761000,494.612,28,494,3,100,2022-06-28 15:29:42.423000,91442ADD,United Kingdom,United Kingdom,Full-Time,English,English,United Kingdom,England,English,Female,No
62b72f1ee8a1d119dd7d1f29,627e79e832735d7aaa0b4684,APPROVED,2022-06-25 15:52:00.884000,2022-06-25 15:57:43.223000,342.339,30,58,0,100,2022-06-28 15:29:45.682000,91442ADD,United Kingdom,United Kingdom,"Not in paid work (e.g. homemaker', 'retired or disabled)",English,English,United Kingdom,England,English,Female,No
62b72f33d6f12a335ef5c5b8,5f3ec93efbd299158253f283,APPROVED,2022-06-25 15:52:24.261000,2022-06-25 16:02:57.851000,633.59,50,826,0,100,2022-06-28 15:29:41.050000,91442ADD,United Kingdom,United Kingdom,Full-Time,English,English,United Kingdom,England,English,Male,No
62bb2121b9d7d82825d45d33,610659e2d2015c331933c919,APPROVED,2022-06-28 15:41:25.459000,2022-06-28 15:49:44.732000,499.273,53,247,1,100,2022-06-28 18:45:42.446000,91442ADD,United Kingdom,United Kingdom,Full-Time,English,English,United Kingdom,Scotland,English,Female,No
