session_id,participant_id,status,started_datetime,completed_date_time,time_taken,age,num_approvals,num_rejections,prolific_score,reviewed_at_datetime,entered_code,Country of Birth,Current Country of Residence,Employment Status,First Language,Fluent languages,Nationality,Nationality (UK),Primary Language,Sex,Student Status
6299fe817106a6597b0660dc,613a64d180a2cd7fe5b68186,APPROVED,2022-06-03 12:28:53.766000,2022-06-03 12:44:48.097000,954.331,40,185,0,100,2022-06-03 16:22:03.493000,91442ADD,United Kingdom,United Kingdom,Part-Time,English,English,United Kingdom,England,English,Female,No
6299ff1f6e0d4cd232deb9e0,60697e57a9c46bda90a8c700,RETURNED,2022-06-03 12:31:29.018000,,13875.822039,32,229,2,99,,,CONSENT REVOKED,CONSENT REVOKED,CONSENT REVOKED,CONSENT REVOKED,CONSENT REVOKED,CONSENT REVOKED,CONSENT REVOKED,CONSENT REVOKED,CONSENT REVOKED,CONSENT REVOKED
629a00d2a6267e81fcf22a5c,5f92fcf0da91be06c2a758e8,APPROVED,2022-06-03 12:38:44.946000,2022-06-03 12:49:20.984000,636.038,35,198,2,100,2022-06-03 16:22:01.340000,91442ADD,United Kingdom,United Kingdom,Part-Time,English,English,United Kingdom,England,English,Female,No
629a010ae67a1fdee0163291,5fc95de1cdee3944d33d6eb1,APPROVED,2022-06-03 12:39:43.032000,2022-06-03 12:55:54.379000,971.347,37,351,6,98,2022-06-03 16:22:00.481000,91442ADD,United Kingdom,United Kingdom,Part-Time,English,English,United Kingdom,England,English,Female,No
629a016ae1035816d4f7058b,6127df68fee23c5dc14b6aeb,APPROVED,2022-06-03 12:41:17.018000,2022-06-03 12:56:56.582000,939.564,39,365,4,99,2022-06-03 16:21:58.055000,91442ADD,United Kingdom,United Kingdom,Full-Time,English,English,United Kingdom,England,English,Female,No
629a018164a263da9d44c8db,6273f94b015dc4b97ea119d7,APPROVED,2022-06-03 12:41:40.236000,2022-06-03 12:57:18.717000,938.481,31,22,0,100,2022-06-03 16:21:56.657000,91442ADD,United Kingdom,United Kingdom,Full-Time,English,English,United Kingdom,Wales,English,Prefer not to say,No
629a019d3e28092f97c675da,5c7bc14c5a66930001243b00,APPROVED,2022-06-03 12:42:08.789000,2022-06-03 12:52:01.549000,592.76,41,399,3,99,2022-06-03 16:21:55.443000,91442ADD,United Kingdom,United Kingdom,Part-Time,English,English,United Kingdom,England,English,Female,Yes
629a01ac9b51016ef9f2c8e3,6148913a637def9eacd6587b,APPROVED,2022-06-03 12:42:27.948000,2022-06-03 12:52:16.721000,588.773,35,83,1,100,2022-06-03 16:21:53.488000,91442ADD,United Kingdom,United Kingdom,Full-Time,English,English,United Kingdom,England,English,Female,No
629a02263495384d7e501d61,5994872bcf1d1700016efa3e,TIMED-OUT,2022-06-03 12:44:25.368000,,13099.669625,65,375,5,99,,,United Kingdom,United Kingdom,Part-Time,English,English,United Kingdom,England,English,Male,No
629a0244024d4799fdc1a6dd,5c4e38f4d3a5e300018363ba,APPROVED,2022-06-03 12:44:57.647000,2022-06-03 13:04:31.773000,1174.126,45,603,4,99,2022-06-03 16:21:52.019000,91442ADD,United Kingdom,United Kingdom,"Not in paid work (e.g. homemaker', 'retired or disabled)",English,English,United Kingdom,Wales,English,Male,No
629a02452351b4827cf9e8f1,6159d839d1c2e3ed7c5e4208,RETURNED,2022-06-03 12:44:58.025000,,13067.063165,40,98,4,97,,,CONSENT REVOKED,CONSENT REVOKED,CONSENT REVOKED,CONSENT REVOKED,CONSENT REVOKED,CONSENT REVOKED,CONSENT REVOKED,CONSENT REVOKED,CONSENT REVOKED,CONSENT REVOKED
629a02c167487f388ca6f6ea,5ecd1e66fff54e033cd596ae,RETURNED,2022-06-03 12:46:59.855000,,12945.251618,40,369,1,100,,,CONSENT REVOKED,CONSENT REVOKED,CONSENT REVOKED,CONSENT REVOKED,CONSENT REVOKED,CONSENT REVOKED,CONSENT REVOKED,CONSENT REVOKED,CONSENT REVOKED,CONSENT REVOKED
629a033f8ac5eb2cdb144095,5e56781c475236000bc43e20,APPROVED,2022-06-03 12:49:06.183000,2022-06-03 13:07:25.316000,1099.133,33,419,1,100,2022-06-03 16:21:49.939000,91442ADD,United Kingdom,United Kingdom,Other,English,English,United Kingdom,England,English,Male,Yes
629a13e8bfdf8b7bcb6fcec9,5da4a23630871900154e0d5c,APPROVED,2022-06-03 14:00:23.836000,2022-06-03 14:13:40.819000,796.983,50,760,9,98,2022-06-03 16:21:48.499000,91442ADD,United Kingdom,United Kingdom,Full-Time,English,English,United Kingdom,England,English,Female,No
