session_id,participant_id,status,started_datetime,completed_date_time,time_taken,age,num_approvals,num_rejections,prolific_score,reviewed_at_datetime,entered_code,Country of Birth,Current Country of Residence,Employment Status,First Language,Fluent languages,Nationality,Nationality (UK),Primary Language,Sex,Student Status
625823a392928a941af8bdb9,5eede6a88311a102fb6f87eb,RETURNED,2022-04-14 13:37:47.417000,,4536.832843,61,523,1,100,,,CONSENT REVOKED,CONSENT REVOKED,CONSENT REVOKED,CONSENT REVOKED,CONSENT REVOKED,CONSENT REVOKED,CONSENT REVOKED,CONSENT REVOKED,CONSENT REVOKED,CONSENT REVOKED
6258240cf5043801bcbe8489,5cb081ec992eae001846530b,APPROVED,2022-04-14 13:39:28.760000,2022-04-14 13:52:04.858000,756.098,42,181,1,100,2022-04-14 14:33:43.521000,91442ADD,United Kingdom,United Kingdom,Unemployed (and job seeking),English,English,United Kingdom,England,English,Female,No
625824bbf5043801bcbe8491,61f2ac65a09e72f23cbaf61e,APPROVED,2022-04-14 13:42:22.015000,2022-04-14 13:52:11.904000,589.889,33,45,1,99,2022-04-14 14:34:36.723000,91442ADD,United Kingdom,United Kingdom,Full-Time,English,English,United Kingdom,Scotland,English,Female,Yes
625824c3cdbe3c4ffc78f6b1,5dc161a2ce6a9d0cf9814d5b,APPROVED,2022-04-14 13:42:37.135000,2022-04-14 13:54:54.530000,737.395,33,246,0,100,2022-04-14 14:34:00.672000,91442ADD,United Kingdom,United Kingdom,Full-Time,English,English,United Kingdom,Scotland,English,Female,No
625824e26c1a41c3d2488a16,5d75555c99bf5b0018864ed3,APPROVED,2022-04-14 13:42:58.251000,2022-04-14 13:54:16.641000,678.39,33,576,3,100,2022-04-14 14:33:55.314000,91442ADD,United Kingdom,United Kingdom,Other,English,English,United Kingdom,England,English,Female,Yes
625825180b756f020bc0e5c3,60d3a7ce58da5a1177c50e46,REJECTED,2022-04-14 13:43:54.594000,2022-04-14 13:49:01.441000,306.847,19,86,3,97,2022-04-14 14:35:10.084000,91442ADD,United Kingdom,United Kingdom,Other,English,English,United Kingdom,England,English,Female,Yes
62582528757c02834d0c99de,5fec4da80479d78c7a29a0e3,APPROVED,2022-04-14 13:44:17.069000,2022-04-14 13:55:57.598000,700.529,31,214,1,100,2022-04-14 14:34:07.814000,91442ADD,United Kingdom,United Kingdom,Full-Time,English,English,United Kingdom,England,English,Female,No
6258254ca19cdb8d7820603f,59842639fc90e000011c6c9e,APPROVED,2022-04-14 13:44:50.381000,2022-04-14 13:57:47.126000,776.745,40,709,2,100,2022-04-14 14:33:10.840000,91442ADD,United Kingdom,United Kingdom,Part-Time,English,English,United Kingdom,England,English,Female,No
6258256b5ae1d63d576a55eb,6125067aa09e6b144c8ec8b6,APPROVED,2022-04-14 13:45:24.341000,2022-04-14 13:58:06.031000,761.69,61,195,1,100,2022-04-14 14:34:20.373000,91442ADD,United Kingdom,United Kingdom,Part-Time,English,English,United Kingdom,England,English,Female,No
625825769930ebe474924724,5c58bdb5a2f0f6000157e4e6,APPROVED,2022-04-14 13:45:28.585000,2022-04-14 13:55:45.719000,617.134,44,751,0,100,2022-04-14 14:33:26.171000,91442ADD,United Kingdom,United Kingdom,"Not in paid work (e.g. homemaker', 'retired or disabled)",English,English,United Kingdom,England,English,Female,No
6258257fc4119191afa6e5b3,57286a372865c400084237fd,APPROVED,2022-04-14 13:45:44.056000,2022-04-14 13:58:39.090000,775.034,31,429,6,98,2022-04-14 14:33:02.182000,91442ADD,United Kingdom,United Kingdom,Full-Time,English,English,United Kingdom,England,English,Male,No
6258314d9561a3c9c8c5d58d,5ef1180334472c1dbf284416,APPROVED,2022-04-14 14:36:13.747000,2022-04-14 14:45:26.253000,552.506,25,262,2,100,2022-04-14 14:53:18.927000,91442ADD,United Kingdom,United Kingdom,Unemployed (and job seeking),English,English,United Kingdom,England,English,Female,No
