session_id,participant_id,status,started_datetime,completed_date_time,time_taken,age,num_approvals,num_rejections,prolific_score,reviewed_at_datetime,entered_code,Country of Birth,Current Country of Residence,Employment Status,First Language,Fluent languages,Nationality,Nationality (UK),Primary Language,Sex,Student Status
62581e3d6b7ec5acb97fdb8a,5ab2706b0527ba0001c150d6,APPROVED,2022-04-14 13:14:40.063000,2022-04-14 13:20:13.160000,333.097,36,623,8,98,2022-04-14 14:01:09.985000,91442ADD,United Kingdom,United Kingdom,Full-Time,English,English,United Kingdom,England,English,Female,No
62581ee64a2a742ebc0b8475,5ab41678e1546900019b4b15,APPROVED,2022-04-14 13:17:28.803000,2022-04-14 13:24:48.171000,439.368,38,758,9,98,2022-04-14 14:01:10.133000,91442ADD,United Kingdom,Sweden,Part-Time,English,English,United Kingdom,England,English,Female,No
62581fdb648e6418fea2b49e,60ac2fbe04cba23f8942b44a,APPROVED,2022-04-14 13:21:34.371000,2022-04-14 13:30:05.808000,511.437,25,63,0,100,2022-04-14 14:01:10.273000,91442ADD,United Kingdom,United Kingdom,Full-Time,English,English,United Kingdom,Scotland,English,Female,No
62581ff44bc9e94e7813be9f,60d98308ecc4c4e732c86a71,APPROVED,2022-04-14 13:21:58.212000,2022-04-14 13:36:06.424000,848.212,36,180,1,100,2022-04-14 14:01:10.653000,91442ADD,United Kingdom,United Kingdom,Full-Time,English,English,United Kingdom,England,English,Male,No
62581ffbc8db9fd099ffcbf0,613bd215dd9d40c622489f6c,APPROVED,2022-04-14 13:22:11.641000,2022-04-14 13:51:57.821000,1786.18,27,92,3,98,2022-04-14 14:01:10.757000,91442ADD,United Kingdom,United Kingdom,Full-Time,English,English,United Kingdom,Wales,English,Female,No
6258202ff867138777e409a1,60febe4bb7d1055665da0413,APPROVED,2022-04-14 13:23:14.812000,2022-04-14 13:34:41.092000,686.28,45,234,0,100,2022-04-14 14:01:10.910000,91442ADD,United Kingdom,United Kingdom,Full-Time,English,"Spanish, English",United Kingdom,England,English,Male,No
62582037fc5fb9763a962e68,605859cb7d0bcc5208ae2392,APPROVED,2022-04-14 13:23:05.746000,2022-04-14 13:30:17.306000,431.56,21,279,0,100,2022-04-14 14:01:11.070000,91442ADD,United Kingdom,United Kingdom,"Not in paid work (e.g. homemaker', 'retired or disabled)",English,English,United Kingdom,England,English,Female,No
6258203b07efbcdf410ffe1c,5b704c7f4ee52200010f68b0,APPROVED,2022-04-14 13:23:13.075000,2022-04-14 13:37:51.594000,878.519,52,870,0,100,2022-04-14 14:01:11.229000,91442ADD,United Kingdom,United Kingdom,Full-Time,English,English,United Kingdom,England,English,Female,No
6258206516b7cd9ba99daed1,5bf2ee250d0d960001575007,APPROVED,2022-04-14 13:23:57.282000,2022-04-14 13:35:23.249000,685.967,48,601,7,98,2022-04-14 14:01:11.417000,91442ADD,United Kingdom,United Kingdom,Full-Time,English,English,United Kingdom,England,English,Female,No
62582083d5401e36001d3677,5f062fad1145f916fd34cebc,APPROVED,2022-04-14 13:24:23.477000,2022-04-14 13:35:21.189000,657.712,22,158,2,99,2022-04-14 14:01:11.595000,91442ADD,United Kingdom,United Kingdom,Full-Time,English,English,United Kingdom,England,English,Female,No
