session_id,participant_id,status,started_datetime,completed_date_time,time_taken,age,num_approvals,num_rejections,prolific_score,reviewed_at_datetime,entered_code,Country of Birth,Current Country of Residence,Employment Status,First Language,Fluent languages,Nationality,Nationality (UK),Primary Language,Sex,Student Status
62a08c7947e76d69f6fff2ee,5ffd5a764aaf1d286d48482a,RETURNED,2022-06-08 11:48:11.579000,,103851.780477,29,117,1,100,,,CONSENT REVOKED,CONSENT REVOKED,CONSENT REVOKED,CONSENT REVOKED,CONSENT REVOKED,CONSENT REVOKED,CONSENT REVOKED,CONSENT REVOKED,CONSENT REVOKED,CONSENT REVOKED
62a08ca11077693f8bd7a0ed,60fd321fe6295f528962da84,RETURNED,2022-06-08 11:48:53.582000,,103809.826433,19,169,2,100,,,CONSENT REVOKED,CONSENT REVOKED,CONSENT REVOKED,CONSENT REVOKED,CONSENT REVOKED,CONSENT REVOKED,CONSENT REVOKED,CONSENT REVOKED,CONSENT REVOKED,CONSENT REVOKED
62a08d2dddf086833236fb70,5ea5f5ac9e4f210681210a46,RETURNED,2022-06-08 11:51:12.323000,,103671.142432,45,251,3,99,,,CONSENT REVOKED,CONSENT REVOKED,CONSENT REVOKED,CONSENT REVOKED,CONSENT REVOKED,CONSENT REVOKED,CONSENT REVOKED,CONSENT REVOKED,CONSENT REVOKED,CONSENT REVOKED
62a08dcdffe0a804a119ce9a,5992b72a60937e0001899269,APPROVED,2022-06-08 11:53:53.699000,2022-06-08 12:02:20.913000,507.214,28,106,3,95,2022-06-09 15:31:49.891000,91442ADD,United Kingdom,United Kingdom,"Not in paid work (e.g. homemaker', 'retired or disabled)",English,English,United Kingdom,England,English,Female,No
62a08ddef62d9a5b0ec568f7,5e4035996c09fc26cdd678f5,APPROVED,2022-06-08 11:54:16.443000,2022-06-08 12:37:15.732000,2579.289,40,707,2,100,2022-06-09 15:33:16.767000,91442ADD,United Kingdom,United Kingdom,Full-Time,English,English,United Kingdom,England,English,Female,No
62a08de278b5d1d34b40ab3f,5c93bcb1b2648a0015255c4b,RETURNED,2022-06-08 11:54:15.755000,,103487.878173,49,582,0,100,,,CONSENT REVOKED,CONSENT REVOKED,CONSENT REVOKED,CONSENT REVOKED,CONSENT REVOKED,CONSENT REVOKED,CONSENT REVOKED,CONSENT REVOKED,CONSENT REVOKED,CONSENT REVOKED
62a08e12bf0ebcc6508a86ba,5929f636d699c40001357869,REJECTED,2022-06-08 11:55:03.047000,2022-06-08 11:56:31.118000,88.071,50,135,8,93,2022-06-09 15:35:14.835000,All ready done clicked on same study,United Kingdom,United Kingdom,"Not in paid work (e.g. homemaker', 'retired or disabled)",English,English,United Kingdom,England,English,Female,No
62a08e1f839baa961da353a9,5c8e1261692c610018e14db1,RETURNED,2022-06-08 11:55:15.174000,,103428.617109,29,274,4,99,,,CONSENT REVOKED,CONSENT REVOKED,CONSENT REVOKED,CONSENT REVOKED,CONSENT REVOKED,CONSENT REVOKED,CONSENT REVOKED,CONSENT REVOKED,CONSENT REVOKED,CONSENT REVOKED
62a08e23aad60ba406aca467,5f3824d45344652fad56175b,APPROVED,2022-06-08 11:55:32.522000,2022-06-08 12:13:31.372000,1078.85,61,251,0,100,2022-06-09 15:33:53.037000,91442ADD,United Kingdom,United Kingdom,"Not in paid work (e.g. homemaker', 'retired or disabled)",English,English,United Kingdom,England,English,Female,No
62a08e6f2a61569493b51e85,5ded17b62911273dc42c8591,TIMED-OUT,2022-06-08 11:56:35.142000,,103348.74219,37,190,0,100,,,United Kingdom,United Kingdom,Part-Time,English,English,United Kingdom,England,English,Female,No
62a08e70698b280c862f9896,5cab528ae4e9970001f62fea,APPROVED,2022-06-08 11:56:35.753000,2022-06-08 12:16:30.741000,1194.988,42,47,0,100,2022-06-09 15:32:27.744000,91442ADD,United Kingdom,United Kingdom,Other,English,English,United Kingdom,England,English,Female,No
62a08e72d7c3dd24c8bd90a9,5af8882ff856320001cf6fac,APPROVED,2022-06-08 11:56:37.407000,2022-06-08 12:27:05.476000,1828.069,23,533,1,100,2022-06-09 15:32:07.595000,91442ADD,United Kingdom,United Kingdom,Due to start a new job within the next month,English,"English, Polish",United Kingdom,England,"English, Polish",Female,Yes
62a08e74087f3b9de60c2096,5ef1180334472c1dbf284416,APPROVED,2022-06-08 11:56:39.918000,2022-06-08 12:12:46.367000,966.449,25,276,2,100,2022-06-09 15:33:38.376000,91442ADD,United Kingdom,United Kingdom,Unemployed (and job seeking),English,English,United Kingdom,England,English,Female,No
62a09083bae9dfc4849c5d54,616aa52d50838e9f1deda7fe,RETURNED,2022-06-08 12:05:24.923000,,102819.146698,29,232,1,100,,,CONSENT REVOKED,CONSENT REVOKED,CONSENT REVOKED,CONSENT REVOKED,CONSENT REVOKED,CONSENT REVOKED,CONSENT REVOKED,CONSENT REVOKED,CONSENT REVOKED,CONSENT REVOKED
62a090be94634014ee76cf8b,629f2933c8d2b5d5e880ed59,APPROVED,2022-06-08 12:06:25.284000,2022-06-08 12:18:13.547000,708.263,20,9,1,98,2022-06-09 15:34:12.774000,91442ADD,United Kingdom,United Kingdom,Part-Time,English,English,United Kingdom,England,English,Male,Yes
62a0922e6686dc12c7383498,5d7fdc371c09e60001dd48f5,APPROVED,2022-06-08 12:19:20.201000,2022-06-08 12:53:40.599000,2060.398,38,230,0,100,2022-06-09 15:32:46.987000,91442ADD,United Kingdom,United Kingdom,"Not in paid work (e.g. homemaker', 'retired or disabled)",English,English,United Kingdom,Scotland,English,Female,No
62a0a0e11239b1e7b95917d3,59664cebaf78da0001a22b4a,APPROVED,2022-06-08 13:15:15.701000,2022-06-08 13:31:28.907000,973.206,37,1261,2,100,2022-06-09 15:31:27.586000,91442ADD,United Kingdom,United Kingdom,Part-Time,English,English,United Kingdom,Scotland,English,Female,DATA EXPIRED
62a21588be748f0b83469932,59adc2278cef7d00011f89d6,REJECTED,2022-06-09 15:45:18.972000,2022-06-09 16:05:12.846000,1193.874,49,321,3,99,2022-06-09 16:15:15.176000,91442ADD,United Kingdom,United Kingdom,Part-Time,English,English,United Kingdom,England,English,Female,No
62a21d4fb4ce3d68347f248d,57a36f499bd3d70001e5230e,APPROVED,2022-06-09 16:18:54.948000,2022-06-09 16:27:09.848000,494.9,36,786,5,100,2022-06-09 16:38:15.823000,91442ADD,United Kingdom,United Kingdom,Full-Time,English,English,United Kingdom,England,English,Female,No
