session_id,participant_id,status,started_datetime,completed_date_time,time_taken,age,num_approvals,num_rejections,prolific_score,reviewed_at_datetime,entered_code,Country of Birth,Current Country of Residence,Employment Status,First Language,Fluent languages,Nationality,Nationality (UK),Primary Language,Sex,Student Status
629f1d7b0defa94dc3ad9a4c,60bcedfb95503ef821a11a55,APPROVED,2022-06-07 09:42:22.372000,2022-06-07 09:54:27.901000,725.529,47,192,1,100,2022-06-07 16:38:41.207000,91442ADD,United Kingdom,United Kingdom,Full-Time,English,English,United Kingdom,England,English,Female,No
629f1e356bc4ae898c43946b,6148d64d3d6997fe79ef80df,APPROVED,2022-06-07 09:45:28.740000,2022-06-07 10:09:09.751000,1421.011,43,41,0,100,2022-06-07 16:38:40.188000,91442ADD,United Kingdom,United Kingdom,Full-Time,English,English,United Kingdom,England,English,Female,No
629f1f30e7860f81c5bfe461,6165fb4c20c37191a58b675f,APPROVED,2022-06-07 09:49:43.839000,2022-06-07 10:02:31.887000,768.048,47,373,1,100,2022-06-07 16:38:38.834000,91442ADD,United Kingdom,United Kingdom,Full-Time,English,English,United Kingdom,England,English,Female,No
629f1f79edcc78a517835339,60148ce8ea15974d855c06d5,APPROVED,2022-06-07 09:50:55.914000,2022-06-07 10:04:00.995000,785.081,58,271,0,100,2022-06-07 16:38:37.785000,91442ADD,United Kingdom,United Kingdom,Full-Time,English,English,United Kingdom,England,English,Female,No
629f1f829e4add3ee9767558,5e3b480421087536c6f44fa1,APPROVED,2022-06-07 09:51:02.068000,2022-06-07 10:02:46.233000,704.165,45,154,0,100,2022-06-07 16:38:36.644000,91442ADD,United Kingdom,United Kingdom,Part-Time,English,English,United Kingdom,England,English,Female,No
629f1fc55753f37738555588,5d4ab668fc1b22000159f23b,RETURNED,2022-06-07 09:52:08.634000,,24435.312308,51,45,0,100,,,CONSENT REVOKED,CONSENT REVOKED,CONSENT REVOKED,CONSENT REVOKED,CONSENT REVOKED,CONSENT REVOKED,CONSENT REVOKED,CONSENT REVOKED,CONSENT REVOKED,CONSENT REVOKED
629f200986594de1ff8471a0,614b44224f28be10f5b5d4ed,RETURNED,2022-06-07 09:53:16.498000,,24367.47584,27,66,0,100,,,CONSENT REVOKED,CONSENT REVOKED,CONSENT REVOKED,CONSENT REVOKED,CONSENT REVOKED,CONSENT REVOKED,CONSENT REVOKED,CONSENT REVOKED,CONSENT REVOKED,CONSENT REVOKED
629f20352224716c55aad6a6,5d67c360a760d40018bf5428,APPROVED,2022-06-07 09:53:58.765000,2022-06-07 10:00:24.731000,385.966,22,298,2,100,2022-06-07 16:38:33.118000,91442ADD,United Kingdom,United Kingdom,Part-Time,English,English,United Kingdom,England,English,Male,No
629f204aa324109463575095,5ecef7476b4f691684117924,APPROVED,2022-06-07 09:54:23.541000,2022-06-07 11:02:55.463000,4111.922,28,100,1,100,2022-06-07 16:38:31.405000,91442ADD,United Kingdom,United Kingdom,Full-Time,English,English,United Kingdom,England,English,Female,No
629f204c51f79aa1c3c6a3c3,5dc8dff727a26762edc4c858,APPROVED,2022-06-07 09:54:23.534000,2022-06-07 10:03:00.843000,517.309,34,91,0,100,2022-06-07 16:38:31.992000,91442ADD,United Kingdom,United Kingdom,Other,English,English,United Kingdom,Scotland,English,Female,DATA EXPIRED
629f20581e5bdc9e4d83ab16,5ca9add36df02d000199a04b,APPROVED,2022-06-07 09:54:35.661000,2022-06-07 10:00:34.999000,359.338,48,201,4,98,2022-06-07 16:38:29.806000,91442ADD,United Kingdom,United Kingdom,Full-Time,English,English,United Kingdom,England,English,Female,Yes
629f20b1232bcc0380fe4243,5a863fb8f1408d0001768afa,APPROVED,2022-06-07 09:56:10.799000,2022-06-07 10:08:12.208000,721.409,35,201,2,99,2022-06-07 16:38:28.572000,91442ADD,United Kingdom,United Kingdom,Other,English,English,United Kingdom,Scotland,English,Female,No
