session_id,participant_id,status,started_datetime,completed_date_time,time_taken,age,num_approvals,num_rejections,prolific_score,reviewed_at_datetime,entered_code,Country of Birth,Current Country of Residence,Employment Status,First Language,Fluent languages,Nationality,Nationality (UK),Primary Language,Sex,Student Status
625819c65082a52aafe36fef,60394fde95a5a03dcc668c4b,APPROVED,2022-04-14 12:55:36.583000,2022-04-14 13:05:32.348000,595.765,28,328,2,100,2022-04-14 13:36:56.644000,91442ADD,United Kingdom,United Kingdom,Part-Time,English,English,United Kingdom,England,English,Female,No
62581b8eff75d75136c26f45,6123bb357749a30bb7face3c,APPROVED,2022-04-14 13:03:15.874000,2022-04-14 13:11:11.555000,475.681,37,229,0,100,2022-04-14 13:36:56.718000,91442ADD,United Kingdom,United Kingdom,Full-Time,English,English,United Kingdom,England,English,Female,No
62581c396d6f98ffb4ecb2bf,611edf22772b0561875ad94a,APPROVED,2022-04-14 13:10:35.952000,2022-04-14 13:25:25.001000,889.049,57,242,2,99,2022-04-14 13:36:56.780000,91442ADD,United Kingdom,United Kingdom,Part-Time,English,English,United Kingdom,England,English,Female,No
62581cd3d0a69b8790564bac,5ef9fa2c7f835a08989f1da8,APPROVED,2022-04-14 13:08:36.740000,2022-04-14 13:21:14.805000,758.065,27,433,3,100,2022-04-14 13:36:56.835000,91442ADD,United Kingdom,United Kingdom,Full-Time,English,"English, Urdu",United Kingdom,England,"English, Urdu",Female,No
62581d0bee2b62ada2ab85c5,5e206b02d63ca0000bc99207,APPROVED,2022-04-14 13:09:35.577000,2022-04-14 13:21:31.079000,715.502,33,224,2,99,2022-04-14 13:36:56.894000,91442ADD,United Kingdom,United Kingdom,"Not in paid work (e.g. homemaker', 'retired or disabled)",English,English,United Kingdom,England,English,Female,No
62581d6bb9e5c4a9826ad489,5d628bb8d293be0017808bf6,APPROVED,2022-04-14 13:11:11.051000,2022-04-14 13:21:33.263000,622.212,66,433,3,100,2022-04-14 13:36:56.963000,91442ADD,United Kingdom,United Kingdom,"Not in paid work (e.g. homemaker', 'retired or disabled)",English,English,United Kingdom,England,English,Female,No
62581d7028da6cc849103828,609bc1566a1991b0d875fb35,APPROVED,2022-04-14 13:11:18.929000,2022-04-14 13:27:00.216000,941.287,39,189,0,100,2022-04-14 13:36:57.071000,91442ADD,United Kingdom,United Kingdom,Part-Time,English,English,United Kingdom,England,English,Female,No
62581d72a680318c3ef4a4d6,58a07b0abb9e0f0001ac9a1d,APPROVED,2022-04-14 13:11:39.574000,2022-04-14 13:23:41.697000,722.123,42,460,4,99,2022-04-14 13:36:57.146000,91442ADD,United Kingdom,United Kingdom,"Not in paid work (e.g. homemaker', 'retired or disabled)",English,English,United Kingdom,England,English,Female,No
62581d82823b1260a1e4d577,6092f8b1c80be84bfe9fc57d,APPROVED,2022-04-14 13:11:39.415000,2022-04-14 13:27:44.481000,965.066,52,83,1,100,2022-04-14 13:36:57.224000,91442ADD,United Kingdom,Israel,"Not in paid work (e.g. homemaker', 'retired or disabled)",English,English,United Kingdom,England,English,Female,No
62581db9d136fd4158078af2,5bec91e66cb00e00015b8a7b,APPROVED,2022-04-14 13:13:46.886000,2022-04-14 13:25:20.686000,693.8,32,491,5,98,2022-04-14 13:36:57.313000,91442ADD,United Kingdom,United Kingdom,Part-Time,English,English,United Kingdom,England,English,Female,No
