session_id,participant_id,status,started_datetime,completed_date_time,time_taken,age,num_approvals,num_rejections,prolific_score,reviewed_at_datetime,entered_code,Country of Birth,Current Country of Residence,Employment Status,First Language,Fluent languages,Nationality,Nationality (UK),Primary Language,Sex,Student Status
62ab0284584470fe8cc9631f,5b0abc9ce9270900013b950d,APPROVED,2022-06-16 10:14:30.792000,2022-06-16 10:25:54.140000,683.348,25,416,2,100,2022-06-23 16:30:48.639000,91442ADD,United Kingdom,United Kingdom,Full-Time,English,English,United Kingdom,England,English,Female,No
62ab034ddd36f006be4eb3d2,5d8272296cca0b001759f562,APPROVED,2022-06-16 10:17:51.938000,2022-06-16 10:42:07.778000,1455.84,39,881,1,100,2022-06-23 16:30:47.209000,91442ADD,United Kingdom,United Kingdom,Part-Time,English,English,United Kingdom,England,English,Female,No
62ab0391e636a3cb9f03d8c4,5c67d319dcdfb700014b065f,APPROVED,2022-06-16 10:19:02.080000,2022-06-16 10:26:53.641000,471.561,45,580,3,100,2022-06-23 16:30:46.476000,91442ADD,United Kingdom,United Kingdom,Part-Time,English,English,United Kingdom,England,English,Male,No
62ab04633191ab371d6fd779,5f25419d6c25411a2b68ddd8,APPROVED,2022-06-16 10:22:31.353000,2022-06-16 10:42:10.882000,1179.529,36,778,1,100,2022-06-23 16:30:45.847000,91442ADD,United Kingdom,United Kingdom,Full-Time,English,English,United Kingdom,England,English,Male,No
62ab04703191ab371d6fd77a,5d93d16d913bf2001a6f9017,RETURNED,2022-06-16 10:22:42.650000,,626903.943753,25,379,2,100,,,CONSENT REVOKED,CONSENT REVOKED,CONSENT REVOKED,CONSENT REVOKED,CONSENT REVOKED,CONSENT REVOKED,CONSENT REVOKED,CONSENT REVOKED,CONSENT REVOKED,CONSENT REVOKED
62ab04857f87f1455c6bd593,6299076f5cb59bc2a8ce1ac3,RETURNED,2022-06-16 10:34:00.047000,,626226.565234,28,28,0,100,,,CONSENT REVOKED,CONSENT REVOKED,CONSENT REVOKED,CONSENT REVOKED,CONSENT REVOKED,CONSENT REVOKED,CONSENT REVOKED,CONSENT REVOKED,CONSENT REVOKED,CONSENT REVOKED
62ab0494ce6bd38aa9bb85dd,5a384471e7bc8000010a8df2,APPROVED,2022-06-16 10:23:24.378000,2022-06-16 10:41:12.014000,1067.636,40,986,6,99,2022-06-23 16:30:44.619000,91442ADD,United Kingdom,United Kingdom,"Not in paid work (e.g. homemaker', 'retired or disabled)",English,English,United Kingdom,Northern Ireland,English,Female,No
62ab04975fb426c18fc14639,5d211227bdbc65001b7ace0a,APPROVED,2022-06-16 10:23:32,2022-06-16 10:49:44.620000,1572.62,52,566,2,100,2022-06-23 16:30:38.495000,91442ADD,United Kingdom,United Kingdom,Part-Time,English,English,United Kingdom,England,English,Female,No
62ab049c163f195725befb63,5e502cf2810ea3080a6cc46f,APPROVED,2022-06-16 10:23:26.586000,2022-06-16 10:36:34.876000,788.29,45,636,1,100,2022-06-23 16:30:43.410000,91442ADD,United Kingdom,United Kingdom,Part-Time,English,English,United Kingdom,England,English,Female,No
62ab049fcb842976e8e06c78,5966f6c744b2d20001defeec,APPROVED,2022-06-16 10:23:30.576000,2022-06-16 10:32:09.906000,519.33,40,243,1,100,2022-06-23 16:30:42.536000,91442ADD,United Kingdom,United Kingdom,Full-Time,English,English,United Kingdom,England,English,Female,Yes
62ab06c655b629d684c51b1d,5c4e38f4d3a5e300018363ba,APPROVED,2022-06-16 10:33:02.094000,2022-06-16 10:51:38.732000,1116.638,45,629,4,99,2022-06-23 16:30:37.356000,91442ADD,United Kingdom,United Kingdom,"Not in paid work (e.g. homemaker', 'retired or disabled)",English,English,United Kingdom,Wales,English,Male,No
62ab071fc8c12a19182c1e10,5c4266e71fad93000122d5cf,APPROVED,2022-06-16 10:34:19.137000,2022-06-16 11:00:10.261000,1551.124,35,1054,7,100,2022-06-23 16:30:36.438000,91442ADD,United Kingdom,United Kingdom,Full-Time,English,"Urdu, English",United Kingdom,England,"Gujarati, Punjabi, English, Urdu",Female,No
