session_id,participant_id,status,started_datetime,completed_date_time,time_taken,age,num_approvals,num_rejections,prolific_score,reviewed_at_datetime,entered_code,Country of Birth,Current Country of Residence,Employment Status,First Language,Fluent languages,Nationality,Nationality (UK),Primary Language,Sex,Student Status
62ab019c0acecfaedd39742c,5ca0b46e8265280015164984,APPROVED,2022-06-16 10:10:40.608000,2022-06-16 10:21:31.190000,650.582,53,776,6,99,2022-06-23 16:46:22.018000,91442ADD,United Kingdom,United Kingdom,Part-Time,English,English,United Kingdom,England,English,Female,No
62ab0334abae94be4f566cce,5e2f5a4add6947088ee26f21,APPROVED,2022-06-16 10:17:28.433000,2022-06-16 10:41:10.939000,1422.506,40,281,1,100,2022-06-23 16:46:20.915000,91442ADD,United Kingdom,United Kingdom,Unemployed (and job seeking),English,English,United Kingdom,England,English,Female,No
62ab03671d3b12fc434c590a,5e94721dcf3467000af77d5d,APPROVED,2022-06-16 10:18:16.759000,2022-06-16 10:25:34.740000,437.981,38,645,6,99,2022-06-23 16:46:19.647000,91442ADD,United Kingdom,United Kingdom,Full-Time,English,English,United Kingdom,England,English,Female,No
62ab04e4026cbc6c343240f4,5e2a0aa08844870772182455,APPROVED,2022-06-16 10:24:40.144000,2022-06-16 10:42:12.906000,1052.762,42,704,0,100,2022-06-23 16:46:19.182000,91442ADD,United Kingdom,United Kingdom,Full-Time,English,English,United Kingdom,England,English,Female,No
62ab0531a2bfcbc688367652,5e614a0d0baeed000bc32186,APPROVED,2022-06-16 10:25:56.140000,2022-06-16 10:39:55.456000,839.316,37,327,1,100,2022-06-23 16:46:18.812000,91442ADD,United Kingdom,United Kingdom,Part-Time,English,English,United Kingdom,Wales,English,Female,No
62ab05323974e0aeb6e15877,62348a574fc351980c10604d,APPROVED,2022-06-16 10:25:57.236000,2022-06-16 10:43:23.790000,1046.554,50,162,0,100,2022-06-23 16:46:18.589000,91442ADD,United Kingdom,United Kingdom,Full-Time,English,English,United Kingdom,Scotland,English,Female,No
62ab054e0d8724df28a45076,5dccf219aa4314964f7461d9,APPROVED,2022-06-16 10:26:22.650000,2022-06-16 10:40:32.917000,850.267,46,885,1,100,2022-06-23 16:46:17.103000,91442ADD,United Kingdom,United Kingdom,"Not in paid work (e.g. homemaker', 'retired or disabled)",English,English,United Kingdom,England,English,Female,No
62ab0550b0e48c3f730eb70f,5acd8aea1667e40001d8cbf0,APPROVED,2022-06-16 10:26:27.776000,2022-06-16 10:36:13.542000,585.766,30,358,5,99,2022-06-23 16:46:16.246000,91442ADD,United Kingdom,United Kingdom,Full-Time,English,English,United Kingdom,Wales,English,Female,Yes
62ab055b3347e6ae98bb075b,5f59f42bfb59c302777b0425,APPROVED,2022-06-16 10:26:37.640000,2022-06-16 10:38:10.690000,693.05,26,306,6,98,2022-06-23 16:46:14.205000,91442ADD,United Kingdom,United Kingdom,Other,English,English,United Kingdom,England,English,Female,Yes
62ab055e026cbc6c343240f8,5d29c671bc573b00165c9014,APPROVED,2022-06-16 10:26:39.975000,2022-06-16 10:36:59.135000,619.16,38,900,5,99,2022-06-23 16:46:13.266000,91442ADD,United Kingdom,United Kingdom,Full-Time,English,English,United Kingdom,England,English,Male,No
