session_id,participant_id,status,started_datetime,completed_date_time,time_taken,age,num_approvals,num_rejections,prolific_score,reviewed_at_datetime,entered_code,Country of Birth,Current Country of Residence,Employment Status,First Language,Fluent languages,Nationality,Nationality (UK),Primary Language,Sex,Student Status
62aaff9e886038fec9c23270,5acd8aea1667e40001d8cbf0,APPROVED,2022-06-16 10:02:10.965000,2022-06-16 10:12:22.948000,611.983,30,356,5,99,2022-06-23 15:27:12.858000,91442ADD,United Kingdom,United Kingdom,Full-Time,English,English,United Kingdom,Wales,English,Female,Yes
62ab0009335406c6d006bf2a,5ffdd6d02b3bca3c02450f95,APPROVED,2022-06-16 10:04:02.362000,2022-06-16 10:12:06.097000,483.735,33,263,0,100,2022-06-23 15:27:12.272000,91442ADD,United Kingdom,United Kingdom,Full-Time,English,English,United Kingdom,England,English,Male,No
62ab02c8146caab5db3e5716,59b8496878b29c00013c04e5,RETURNED,2022-06-16 10:15:53.147000,,623485.63736,50,778,3,100,,,CONSENT REVOKED,CONSENT REVOKED,CONSENT REVOKED,CONSENT REVOKED,CONSENT REVOKED,CONSENT REVOKED,CONSENT REVOKED,CONSENT REVOKED,CONSENT REVOKED,CONSENT REVOKED
62ab03a5f71ec4f29b58b9a7,5d5d0f1e7f50330016962722,APPROVED,2022-06-16 10:19:21.359000,2022-06-16 10:35:00.360000,939.001,39,336,0,100,2022-06-23 15:27:11.188000,91442ADD,United Kingdom,United Kingdom,Other,English,English,United Kingdom,England,English,Female,No
62ab03a6a781b46096740e14,606dfa7094567e608e95135f,APPROVED,2022-06-16 10:19:22.403000,2022-06-16 10:32:45.494000,803.091,39,362,5,98,2022-06-23 15:27:10.415000,91442ADD,United Kingdom,United Kingdom,DATA EXPIRED,English,English,United Kingdom,England,English,Female,Yes
62ab03be0f5c067eeb20a42e,615c82a57b199e803fe9b3b7,RETURNED,2022-06-16 10:19:48.077000,,623250.772492,66,117,0,100,,,CONSENT REVOKED,CONSENT REVOKED,CONSENT REVOKED,CONSENT REVOKED,CONSENT REVOKED,CONSENT REVOKED,CONSENT REVOKED,CONSENT REVOKED,CONSENT REVOKED,CONSENT REVOKED
62ab03ce369770bb8ad71eb9,5c3cc9b5ba6fab0001c50952,APPROVED,2022-06-16 10:20:09.546000,2022-06-16 10:32:08.945000,719.399,58,821,2,100,2022-06-23 15:27:08.330000,91442ADD,United Kingdom,United Kingdom,Other,English,English,United Kingdom,England,English,Female,No
62ab03dc816b4ad0531fb92a,59d3ae564e58e40001953a55,APPROVED,2022-06-16 10:20:19.089000,2022-06-16 10:31:08.626000,649.537,44,379,3,99,2022-06-23 15:27:07.244000,91442ADD,United Kingdom,United Kingdom,Full-Time,English,English,United Kingdom,England,English,Female,No
62ab03ef32ede5eaed3b66db,5f72adea4576d21f8ac889a0,APPROVED,2022-06-16 10:20:33.212000,2022-06-16 10:29:47.492000,554.28,31,547,4,99,2022-06-23 15:27:06.444000,91442ADD,United Kingdom,United Kingdom,Full-Time,English,English,United Kingdom,England,English,Male,No
62ab03f2df8184141dfac400,5e8d96efe32229018dec69dd,RETURNED,2022-06-16 10:20:37.175000,,623201.825219,50,659,1,100,,,CONSENT REVOKED,CONSENT REVOKED,CONSENT REVOKED,CONSENT REVOKED,CONSENT REVOKED,CONSENT REVOKED,CONSENT REVOKED,CONSENT REVOKED,CONSENT REVOKED,CONSENT REVOKED
62ab03f57f42eb69ecb5de79,5b99663d4cefb60001e7a214,APPROVED,2022-06-16 10:21:58.898000,2022-06-16 10:33:37.790000,698.892,46,956,6,100,2022-06-23 15:27:05.358000,91442ADD,United Kingdom,United Kingdom,Part-Time,English,English,United Kingdom,Scotland,English,Female,No
62ab0454e795fa86e46ba15a,60bfd9beee0836a5211841a4,APPROVED,2022-06-16 10:22:18.848000,2022-06-16 10:31:29.290000,550.442,53,256,3,99,2022-06-23 15:27:03.557000,91442ADD,United Kingdom,Australia,Unemployed (and job seeking),English,English,United Kingdom,England,English,Female,No
62ab045903a3fe2e8bc5c2c3,5ea858b22dc090093dfb8c74,APPROVED,2022-06-16 10:22:20.737000,2022-06-16 10:31:14.422000,533.685,23,284,3,99,2022-06-23 15:27:02.440000,91442ADD,United Kingdom,United Kingdom,Full-Time,English,English,United Kingdom,England,English,Female,No
