"session_id","participant_id","status","started_datetime","completed_date_time","time_taken","age","num_approvals","num_rejections","prolific_score","reviewed_at_datetime","entered_code","Country of Birth","Current Country of Residence","Employment Status","First Language","Fluent languages","Nationality","Nationality (UK)","Primary Language","Sex","Student Status"
"62aaff139ed765bc5d19f72e","5a59fef276d1c60001ab2529","APPROVED","2022-06-16 09:59:51.055000","2022-06-16 10:08:07.380000","496.325","28","171","4","98","2022-06-23 17:16:26.534000","91442ADD","United Kingdom","United Kingdom","Other","English","English","United Kingdom","England","English","Female","No"
"62ab01cd6c317c100d4f908e","5aae420ec4e8f200014b3d4e","APPROVED","2022-06-16 10:11:28.459000","2022-06-16 10:23:12.659000","704.2","35","323","2","99","2022-06-23 17:16:25.316000","91442ADD","United Kingdom","United Kingdom","Part-Time","English","English","United Kingdom","Scotland","English","Female","No"
"62ab020cec6c623c40c30edb","5efb03ef4cd406000b96ed93","APPROVED","2022-06-16 10:12:29.531000","2022-06-16 10:40:36.112000","1686.581","23","640","7","99","2022-06-23 17:16:25.161000","91442ADD","United Kingdom","United Kingdom","Unemployed (and job seeking)","English","English","United Kingdom","England","English","Male","No"
"62ab02b6a781b46096740e0f","5e1b9ea4ebd84f3c9d208dbb","RETURNED","2022-06-16 10:15:20.848000","","630080.066534","38","158","3","97","","","CONSENT REVOKED","CONSENT REVOKED","CONSENT REVOKED","CONSENT REVOKED","CONSENT REVOKED","CONSENT REVOKED","CONSENT REVOKED","CONSENT REVOKED","CONSENT REVOKED","CONSENT REVOKED"
"62ab0360f8c3bf0fe8d28a27","61265ecd41354d9b45015092","RETURNED","2022-06-16 10:18:30.179000","","629890.749519","19","115","1","99","","","CONSENT REVOKED","CONSENT REVOKED","CONSENT REVOKED","CONSENT REVOKED","CONSENT REVOKED","CONSENT REVOKED","CONSENT REVOKED","CONSENT REVOKED","CONSENT REVOKED","CONSENT REVOKED"
"62ab037e7323d217b8ed5a94","61004b67bc8807a3cad626ff","APPROVED","2022-06-16 10:18:42.186000","2022-06-16 10:29:55.923000","673.737","36","257","0","100","2022-06-23 17:16:23.084000","91442ADD","United Kingdom","United Kingdom","Full-Time","English","English","United Kingdom","England","English","Female","No"
"62ab038fcebff086484a5729","6229e2e740dc6806f802e5c4","APPROVED","2022-06-16 10:19:12.681000","2022-06-16 10:33:46.116000","873.435","53","83","1","100","2022-06-23 17:16:22.118000","91442ADD","United Kingdom","United Kingdom","Part-Time","English","English","United Kingdom","England","English","Female","No"
"62ab03bf5fb426c18fc14635","5be0051d45bb8b000173f6f9","APPROVED","2022-06-16 10:19:45.690000","2022-06-16 10:54:51.862000","2106.172","28","196","6","96","2022-06-23 17:16:21.476000","91442ADD","United Kingdom","United Kingdom","Full-Time","English","English, Spanish","United Kingdom","Northern Ireland","English","Female","No"
"62ab03bfcb3bafeda759c02f","61472b7245c652deca2b65ec","REJECTED","2022-06-16 10:19:48.242000","2022-06-16 10:57:18.629000","2250.387","57","82","3","98","2022-06-23 17:15:33.144000","91442ADD","United Kingdom","United Kingdom","Full-Time","English","English","United Kingdom","Scotland","English","Female","No"
"62ab03dad61317ee8acbfb93","5ff4d399d4f1e476f5370f78","RETURNED","2022-06-16 10:20:13.650000","","629787.352996","31","236","2","100","","","CONSENT REVOKED","CONSENT REVOKED","CONSENT REVOKED","CONSENT REVOKED","CONSENT REVOKED","CONSENT REVOKED","CONSENT REVOKED","CONSENT REVOKED","CONSENT REVOKED","CONSENT REVOKED"
"62ab048d3c64ee95021883e6","5a2fcfa8715d6a0001117b8e","APPROVED","2022-06-16 10:23:13.985000","2022-06-16 10:40:59.913000","1065.928","36","432","4","100","2022-06-23 17:16:19.241000","91442ADD","United Kingdom","United Kingdom","Full-Time","English","English","United Kingdom","England","English","Female","No"
"62ab0490cd65b2df61bd20a8","58da917848a0550001171f1d","APPROVED","2022-06-16 10:23:16.636000","2022-06-16 10:36:45.523000","808.887","28","354","4","99","2022-06-23 17:16:17.218000","91442ADD","United Kingdom","United Kingdom","Full-Time","English","English","United Kingdom","England","English","Male","No"
"62ab0490f5045bd587c0025f","5d4ff1c3c7f29300011e42d1","APPROVED","2022-06-16 10:23:15.635000","2022-06-16 10:41:40.839000","1105.204","49","468","1","100","2022-06-23 17:16:18.172000","91442ADD","United Kingdom","United Kingdom","Not in paid work (e.g. homemaker', 'retired or disabled)","English","English","United Kingdom","England","English","Female","No"
"62b5e9dc30f536e4d4c579ed","611cebec25d7e9f94cf91ac5","APPROVED","2022-06-24 16:44:18.552000","2022-06-24 16:58:15.867000","837.315","47","244","0","100","2022-06-24 17:57:27.704000","91442ADD","United Kingdom","United Kingdom","Full-Time","English","English","United Kingdom","England","English","Female","No"