"id","words","labels"
"3718125_gab","['<user>', 'i', 'am', 'a', 'brit', 'if', 'you', 'are', 'talking', 'about', 'florida', 'looks', 'like', 'he', 'was', 'a', 'muzzie', 'despite', 'the', 'wetback', 'name']","[0, 0, 0, 0, 0, 0, 0, 0, 0, 0, 0, 0, 0, 1, 0, 1, 2, 0, 0, 1, 0]"
"1179102478710837249_twitter","['<user>', 'i', 'am', 'black', 'with', 'all', 'white', 'freinds', 'taco', 'man']","[0, 0, 0, 0, 0, 0, 0, 0, 1, 2]"
"attention_56","['Go', 'back', 'to', 'France', 'you', 'antiAmerican', 'commie', 'socialist', 'traitor']","[0, 0, 0, 0, 1, 2, 2, 2, 2]"
"15459655_gab","['according', 'to', 'news', 'reports', 'the', 'jury', 'also', 'acquitted', 'him', 'of', 'involuntary', 'manslaughter', 'in', 'ca', 'when', 'they', 'get', 'a', 'jury', 'of', 'your', 'peers', 'that', 'includes', 'getting', 'anchor', 'baby', 'wetback', 'child', 'rapists']","[0, 0, 0, 0, 0, 0, 0, 0, 0, 0, 0, 0, 0, 0, 0, 0, 0, 0, 0, 0, 0, 0, 0, 0, 0, 1, 2, 2, 2, 2]"
"27189166_gab","['at', 'least', 'the', 'spic', 'did', 'us', 'a', 'favor', 'by', 'getting', 'dead', 'it', 'costs', 'a', 'lot', 'of', 'money', 'to', 'house', 'one', 'offender', 'just', 'so', 'the', 'ab', 'or', 'whoever', 'can', 'ream', 'him', 'out', 'before', 'shanking', 'him', 'my', 'best', 'wishes', 'to', 'the', 'female', 'cop', 'who', 'absorbed', 'his', 'attack']","[0, 0, 1, 2, 0, 0, 0, 0, 0, 0, 0, 0, 0, 0, 0, 0, 0, 0, 0, 0, 1, 0, 0, 0, 0, 0, 0, 0, 0, 1, 0, 0, 0, 1, 0, 0, 0, 0, 0, 0, 0, 0, 0, 1, 0]"
"17126242_gab","['chuck', 'the', 'cuck', 'nellis', 'bad', 'mouthed', 'trump', 'often', 'on', 'twitter', 'while', 'supporting', 'spik', 'cuban', 'ted', 'cruz', 'jewed', 'up', 'ass', 'now', 'he', 'on', 'gab', 'saying', 'how', 'great', 'trump', 'did', 'his', '1', 'st', 'year', 'and', 'knocking', 'liberals', 'he', 'is', 'a', 'liberal', 'shit', 'himself', 'dam', 'cuck']","[0, 1, 2, 2, 2, 2, 2, 0, 0, 0, 0, 0, 1, 2, 2, 2, 2, 2, 2, 0, 1, 0, 0, 0, 0, 0, 1, 0, 1, 0, 0, 0, 0, 0, 1, 2, 0, 1, 2, 2, 2, 0, 1]"
"5153274_gab","['deportations', 'are', 'underway', 'oh', 'the', 'feels', 'just', 'remember', 'when', 'you', 'are', 'all', 'cozy', 'in', 'your', 'bed', 'at', 'night', 'some', 'poor', 'beaner', 'has', 'to', 'sleep', 'with', 'one', 'eye', 'open', 'lest', 'the', 'right', 'wing', 'deportation', 'squad', 'extracts', 'it', 'from', 'its', 'hiding', 'place', 'ragnar', 'ds']","[0, 0, 0, 0, 0, 0, 0, 0, 0, 0, 0, 0, 0, 0, 0, 0, 0, 0, 1, 2, 2, 0, 0, 0, 0, 0, 0, 0, 0, 0, 0, 0, 0, 0, 0, 0, 0, 0, 0, 0, 0, 0]"
"3725815_gab","['esteban', 'santiago', 'is', 'a', 'beaner', 'muslim', 'build', 'the', 'wall', 'ban', 'muslim', 'immigration', 'trump', 'was', 'right', 'again', 'hail', 'trump']","[1, 2, 0, 1, 2, 2, 0, 0, 0, 0, 1, 0, 0, 0, 0, 0, 0, 0]"
"13543989_gab","['gotta', 'keep', 'some', 'beaners', 'in', 'texas', 'texmex', 'is', 'not', 'shit', 'like', 'mexican', 'is']","[0, 0, 1, 2, 0, 0, 1, 0, 0, 0, 0, 1, 0]"
"23032780_gab","['hahahaha', 'that', 'beaner', 'rolled', 'out', 'that', 'mile', 'in', 'under', '<number>', 'minutes', 'she', 'was', 'so', 'freaked', 'good', 'thing', 'they', 'had', 'an', 'aed', 'at', 'the', 'taco', 'bell', 'down', 'the', 'street']","[0, 1, 2, 0, 0, 0, 0, 0, 0, 0, 0, 1, 0, 0, 0, 0, 0, 0, 0, 0, 0, 0, 0, 0, 0, 0, 0, 0]"
"27519064_gab","['he', 'a', 'wetback', 'so', 'he', 'both']","[1, 2, 2, 0, 1, 0]"
"7164097_gab","['he', 'has', 'not', 'done', 'anything', 'he', 'deported', 'a', 'couple', 'beaners', 'so', 'what', 'even', 'barry', 'did', 'that']","[0, 0, 0, 0, 0, 0, 0, 1, 2, 2, 0, 0, 0, 0, 0, 0]"
"23836265_gab","['his', 'base', 'is', 'not', 'happy', 'there', 'goes', 'the', 'silent', 'majority', 'i', 'bet', 'ricky', 'vaughn', 'and', 'based', 'spic', 'fuentes', 'are', 'running', 'damage', 'control']","[0, 0, 0, 0, 0, 0, 0, 0, 0, 0, 0, 0, 0, 0, 0, 1, 2, 2, 0, 0, 0, 0]"
"14698347_gab","['i', 'am', 'even', 'more', 'concerned', 'about', 'mexican', 'teenage', 'tramps', 'whose', 'birth', 'canals', 'are', 'like', 'bazookas', 'launching', 'anchor', 'beaners', 'onto', 'the', 'lanscape', 'of', 'the', 'united', 'states']","[0, 0, 0, 0, 0, 0, 1, 2, 2, 0, 0, 0, 0, 0, 0, 0, 1, 2, 0, 0, 0, 0, 0, 0, 0]"
"24198815_gab","['i', 'will', 'disparage', 'nehlen', 'for', 'marrying', 'a', 'beaner', 'all', 'i', 'please', 'tyvm']","[0, 0, 0, 0, 0, 0, 1, 2, 0, 0, 0, 0]"
"11333277_gab","['it', 'only', 'hit', 'the', 'beaner', 'city']","[0, 0, 0, 0, 1, 0]"
"11849813_gab","['johnson', 'view', 'by', 'contrast', 'was', 'reasonable', 'and', 'genuine', 'even', 'if', 'i', 'disagree', 'with', 'him', 'vox', 'is', 'pulling', 'some', 'dorklord', 'machiavellian', 'master', 'plan', 'bullshit', 'for', 'whatever', 'reason', 'it', 'obvious', 'moronic', 'and', 'tiresome', 'fuck', 'off', 'with', 'your', 'triracial', 'alt', 'west', 'milo', 'apologetics', 'gamergate', 'bullshit', 'you', 'fucking', 'spic']","[0, 0, 0, 0, 0, 0, 0, 0, 0, 0, 0, 0, 0, 0, 0, 0, 0, 0, 0, 0, 0, 0, 0, 0, 0, 0, 0, 0, 0, 0, 0, 0, 0, 0, 1, 0, 0, 0, 0, 0, 0, 0, 1, 2, 2]"
"15415739_gab","['jury', 'in', 'the', 'katie', 'stienle', 'trial', 'just', 'let', 'the', 'piece', 'of', 'shit', 'off', 'not', 'guilty', 'of', 'murder', 'vigilante', 'justice', 'needs', 'to', 'make', 'a', 'come', 'back', 'in', 'a', 'big', 'way', 'if', 'there', 'going', 'to', 'let', 'murdering', 'beaners', 'walk', 'the', 'streets']","[0, 0, 0, 0, 0, 0, 0, 0, 1, 2, 2, 2, 0, 0, 0, 0, 0, 0, 0, 0, 0, 0, 0, 0, 0, 0, 0, 0, 0, 0, 0, 0, 0, 0, 1, 2, 0, 0, 0]"
"17474395_gab","['makes', 'sense', 'thernovith', 'would', 'sell', 'out', 'on', 'beaner', 'invasion', 'in', 'a', 'second', 'to', 'sell', 'spanish', 'copies', 'of', 'gorilla', 'mindset', 'anyways', 'if', 'he', 'somehow', 'managed', 'to', 'gain', 'power', 'lol', 'when', 'it', 'comes', 'down', 'to', 'it', 'alt', 'lite', 'fags', 'are', 'just', 'gayer', 'leftists']","[0, 0, 0, 0, 0, 0, 0, 1, 0, 1, 2, 2, 2, 2, 2, 2, 2, 2, 2, 2, 2, 2, 0, 0, 0, 0, 0, 0, 0, 0, 0, 0, 0, 0, 1, 2, 2, 0, 0, 0, 0]"
"27243541_gab","['nick', 'the', 'spic', 'fuentes']","[1, 2, 2, 2]"
"22919778_gab","['one', 'must', 'wonder', 'how', 'long', 'she', 'will', 'do', 'in', 'jail', 'on', 'the', 'taxpayers', 'dime', 'before', 'they', 'decide', 'to', 'toss', 'her', 'spic', 'ass', 'out', 'as', 'for', 'the', 'guy', 'castrate', 'him', 'and', 'jail', 'him', 'for', 'life', 'the', 'prisoners', 'in', 'nevada', 'will', 'deal', 'with', 'the', 'matter', 'themselves', 'tyvm']","[0, 0, 0, 0, 0, 1, 0, 0, 0, 0, 0, 0, 0, 0, 0, 0, 0, 0, 0, 1, 2, 2, 0, 0, 0, 1, 2, 0, 1, 0, 0, 1, 0, 0, 0, 0, 0, 0, 0, 0, 0, 0, 0, 0, 0]"
"22750351_gab","['so', 'which', 'beaner', 'is', 'your', 'favorite', 'baseball', 'player', 'do', 'you', 'have', 'a', 'big', 'poster', 'of', 'him', 'hanging', 'on', 'your', 'wall']","[0, 0, 1, 0, 0, 0, 0, 0, 0, 0, 0, 0, 0, 0, 0, 1, 0, 0, 0, 0]"
"20127651_gab","['tfw', 'a', 'spic', 'is', 'a', 'neo', 'nazi', 'lmao', '<percent>']","[0, 1, 2, 0, 0, 0, 0, 0, 0]"
"18811707_gab","['the', 'wall', 'is', 'not', 'the', 'final', 'solution', 'these', 'beaners', 'will', 'keep', 'having', 'babies', 'keep', 'balkanizing', 'our', 'society', '<user>']","[0, 0, 0, 0, 0, 0, 0, 1, 2, 0, 0, 0, 0, 0, 0, 0, 0, 0]"
"13791614_gab","['this', 'morning', 'at', '<number>', '<number>', 'i', 'saw', 'some', 'spick', 'lawn', 'guys', 'hit', 'a', 'dudes', 'car', 'in', 'the', 'parking', 'lot', 'waited', 'for', 'the', 'owner', 'to', 'come', 'outside', 'because', 'the', 'spicks', 'were', 'trying', 'to', 'drive', 'away', 'it', 'was', 'extremely', 'satisfying', 'knowing', 'they', 'were', 'gonna', 'have', 'to', 'talk', 'to', 'the', 'police', 'about', 'it']","[0, 0, 0, 0, 0, 0, 0, 1, 2, 2, 2, 0, 0, 0, 0, 0, 0, 0, 0, 0, 0, 0, 0, 0, 0, 0, 0, 1, 2, 0, 0, 0, 0, 0, 0, 0, 0, 0, 0, 1, 0, 0, 0, 0, 0, 0, 0, 0, 0, 0]"
"26938167_gab","['trump', 'should', 'try', 'to', 'impeach', 'the', 'wetback', 'jew', 'justices', 'who', 'performed', 'gay', 'marriages', 'but', 'did', 'not', 'recuse', 'themselves', 'from', 'the', 'gay', 'marriage', 'ruling']","[0, 0, 0, 0, 0, 1, 2, 2, 2, 0, 0, 0, 0, 0, 0, 0, 0, 0, 0, 0, 0, 0, 0]"
"22969485_gab","['we', 'could', 'meet', 'at', 'the', 'border', 'and', 'if', 'the', 'wetbacks', 'are', 'not', 'turned', 'back', 'ram', 'into', 'them', 'with', 'trucks', 'kill', 'more', 'beaners', 'faster', 'that', 'way']","[0, 0, 0, 0, 0, 0, 0, 0, 1, 2, 0, 0, 0, 0, 0, 0, 1, 0, 0, 0, 1, 2, 0, 0, 0]"
"26895042_gab","['white', 'boy', 'anyway', 'seems', 'like', 'this', 'was', 'the', 'mythical', 'black', 'unicorn', 'living', 'in', 'a', 'house', 'with', 'his', 'woman', 'and', 'their', 'own', 'kids', 'now', 'thanks', 'to', 'the', 'beaner', 'lopez', 'where', 'are', 'americans', 'going', 'to', 'find', 'another', 'black', 'unicorn']","[0, 0, 0, 0, 0, 0, 0, 0, 0, 0, 0, 0, 0, 0, 0, 0, 0, 0, 0, 0, 0, 0, 0, 0, 0, 1, 2, 2, 0, 0, 0, 0, 0, 0, 0, 0, 0]"
"21496378_gab","['you', 'deserve', 'death', 'if', 'you', 'voted', 'ted', 'cruz', 'that', 'dumbass', 'spic', 'was', 'destined', 'to', 'lose']","[1, 0, 0, 0, 1, 0, 1, 2, 2, 2, 2, 0, 0, 0, 0]"