session_id,participant_id,status,started_datetime,completed_date_time,time_taken,age,num_approvals,num_rejections,prolific_score,reviewed_at_datetime,entered_code,Country of Birth,Current Country of Residence,Employment Status,First Language,Fluent languages,Nationality,Nationality (UK),Primary Language,Sex,Student Status
62b72400b2474477fa2573e7,5f494da56aa639495fbc58d2,RETURNED,2022-06-25 15:14:32.071000,,102704.731811,20,218,3,99,,,CONSENT REVOKED,CONSENT REVOKED,CONSENT REVOKED,CONSENT REVOKED,CONSENT REVOKED,CONSENT REVOKED,CONSENT REVOKED,CONSENT REVOKED,CONSENT REVOKED,CONSENT REVOKED
62b726726a04c42077c579bb,601f15c863401440ef711b68,REJECTED,2022-06-25 15:15:01.312000,2022-06-25 15:25:35.333000,634.021,37,302,4,98,2022-06-25 17:20:07.766000,91442ADD,United Kingdom,United Kingdom,Full-Time,English,English,United Kingdom,England,English,Female,No
62b726ec64ce389c0f80c286,62b5dbad85ebc6b09b1a9862,TIMED-OUT,2022-06-25 15:21:00.102000,,102316.749731,27,1,0,100,,,United Kingdom,United Kingdom,Full-Time,English,English,United Kingdom,England,English,Male,No
62b7270b6f912ffd138fa21a,5dd6d94cbca2e466ca211b0d,APPROVED,2022-06-25 15:17:44.864000,2022-06-25 15:30:26.545000,761.681,39,478,0,100,2022-06-25 17:21:00.026000,91442ADD,United Kingdom,United Kingdom,Part-Time,English,English,United Kingdom,Scotland,English,Female,No
62b7271009c6f64d672cdb99,5ea954b828c814030440af23,APPROVED,2022-06-25 15:17:39.554000,2022-06-25 15:28:44.457000,664.903,31,551,1,100,2022-06-25 17:21:00.723000,91442ADD,United Kingdom,United Kingdom,Full-Time,English,English,United Kingdom,England,English,Female,No
62b72744a36b1f74f11a9879,613a567f9aba9a52e21e59d6,APPROVED,2022-06-25 15:18:33.186000,2022-06-25 15:30:52.643000,739.457,27,236,0,100,2022-06-25 17:20:59.167000,91442ADD,United Kingdom,United Kingdom,Part-Time,English,English,United Kingdom,England,English,Female,No
62b727ab7b4ec610307d1f3d,5f84de85a535f41b305f9eb8,REJECTED,2022-06-25 15:20:15.898000,2022-06-25 15:42:34.057000,1338.159,34,364,4,99,2022-06-25 17:18:13.995000,91442ADD,United Kingdom,United Kingdom,Part-Time,English,English,United Kingdom,England,English,Female,No
62b727d75f7eb038cc1ffd10,5bd223b16b3bbc0001f08a43,APPROVED,2022-06-25 15:20:58.542000,2022-06-25 15:51:29.435000,1830.893,28,147,0,100,2022-06-25 17:20:57.964000,91442ADD,United Kingdom,United Kingdom,Full-Time,English,English,United Kingdom,England,English,Female,No
62b7280bb644e9abfd63c05d,59a6aa43b2130b000179d303,APPROVED,2022-06-25 15:21:49.756000,2022-06-25 15:28:53.492000,423.736,44,805,2,100,2022-06-25 17:20:56.192000,91442ADD,United Kingdom,United Kingdom,Part-Time,English,English,United Kingdom,England,English,Female,No
62b72812bddea5d5ba1c5775,60d0d5e930dc4a90889b2321,RETURNED,2022-06-25 15:21:57.723000,,102259.27302,33,238,2,100,,,CONSENT REVOKED,CONSENT REVOKED,CONSENT REVOKED,CONSENT REVOKED,CONSENT REVOKED,CONSENT REVOKED,CONSENT REVOKED,CONSENT REVOKED,CONSENT REVOKED,CONSENT REVOKED
62b728176beeb65f75170f25,5bdeeb372562330001b9799a,APPROVED,2022-06-25 15:22:01.882000,2022-06-25 15:37:14.340000,912.458,31,353,1,100,2022-06-25 17:20:54.941000,91442ADD,United Kingdom,United Kingdom,Full-Time,English,English,United Kingdom,England,English,Female,No
62b728bce3155f4e5663c072,5c8962d36798de00011b6a50,RETURNED,2022-06-25 15:24:55.071000,,102081.958846,27,106,1,100,,,CONSENT REVOKED,CONSENT REVOKED,CONSENT REVOKED,CONSENT REVOKED,CONSENT REVOKED,CONSENT REVOKED,CONSENT REVOKED,CONSENT REVOKED,CONSENT REVOKED,CONSENT REVOKED
62b729520aec124741e691ec,5f2dbc7d63c6870d983155bb,RETURNED,2022-06-25 15:27:22.547000,,101934.508613,27,223,0,100,,,CONSENT REVOKED,CONSENT REVOKED,CONSENT REVOKED,CONSENT REVOKED,CONSENT REVOKED,CONSENT REVOKED,CONSENT REVOKED,CONSENT REVOKED,CONSENT REVOKED,CONSENT REVOKED
62b72ad4b429d8ae80400b20,62b43aea0aa0424d0a1f91da,APPROVED,2022-06-25 15:33:46.639000,2022-06-25 15:52:49.975000,1143.336,29,2,0,100,2022-06-25 17:20:52.628000,91442ADD,United Kingdom,United Kingdom,Full-Time,English,English,United Kingdom,Wales,English,Male,No
62b738130b76db53c3d922e2,5e380457679e67000c56b02f,RETURNED,2022-06-25 16:30:11.191000,,98165.919448,40,647,2,100,,,CONSENT REVOKED,CONSENT REVOKED,CONSENT REVOKED,CONSENT REVOKED,CONSENT REVOKED,CONSENT REVOKED,CONSENT REVOKED,CONSENT REVOKED,CONSENT REVOKED,CONSENT REVOKED
62b73b4d699686e9e4f27acf,5db5e92f734a26000b470dde,APPROVED,2022-06-25 16:44:21.193000,2022-06-25 16:57:00.059000,758.866,23,471,1,100,2022-06-25 17:20:51.814000,91442ADD,United Kingdom,United Kingdom,Unemployed (and job seeking),English,English,United Kingdom,England,English,Male,No
62b74404319560276bb08dd1,61413043c5615de9071af7c6,APPROVED,2022-06-25 17:21:13.833000,2022-06-25 17:48:46.696000,1652.863,33,610,3,100,2022-06-26 19:45:58.566000,91442ADD,United Kingdom,United Kingdom,Full-Time,English,English,United Kingdom,England,English,Male,Yes
62b7440aa9f12d9ed37d1f1e,613a351ccdd16e7b9ea085f9,APPROVED,2022-06-25 17:21:16.573000,2022-06-25 17:56:04.255000,2087.682,24,100,2,98,2022-06-26 19:44:29.011000,91442ADD,United Kingdom,United Kingdom,Part-Time,English,English,United Kingdom,Northern Ireland,English,Female,No
