session_id,participant_id,status,started_datetime,completed_date_time,time_taken,age,num_approvals,num_rejections,prolific_score,reviewed_at_datetime,entered_code,Country of Birth,Current Country of Residence,Employment Status,First Language,Fluent languages,Nationality,Nationality (UK),Primary Language,Sex,Student Status
62a08a89e01cb15c2b0f7ded,6038699f5cdecc243c343024,APPROVED,2022-06-08 11:39:56.013000,2022-06-08 11:54:40.517000,884.504,27,213,4,98,2022-06-09 15:26:43.218000,91442ADD,United Kingdom,United Kingdom,Full-Time,English,English,United Kingdom,England,"Afrikaans, English",Female,No
62a08a8a983eddc002e6acb5,600092321467ea1431ac2de9,REJECTED,2022-06-08 11:39:59.054000,2022-06-08 12:00:19.412000,1220.358,61,312,5,98,2022-06-09 15:25:19.226000,91442ADD,United Kingdom,United Kingdom,"Not in paid work (e.g. homemaker', 'retired or disabled)",English,English,United Kingdom,England,English,Female,No
62a08abc0f1679d04aa5760f,5d4342c793066e001a5a4b13,APPROVED,2022-06-08 11:40:49.521000,2022-06-08 11:53:02.626000,733.105,20,21,0,100,2022-06-09 15:26:41.507000,91442ADD,United Kingdom,United Kingdom,Other,English,English,United Kingdom,England,English,Male,Yes
62a08ade3cab121cb5778f90,5929f636d699c40001357869,APPROVED,2022-06-08 11:41:23.672000,2022-06-08 11:54:25.713000,782.041,50,135,8,93,2022-06-09 15:26:40.662000,91442ADD,United Kingdom,United Kingdom,"Not in paid work (e.g. homemaker', 'retired or disabled)",English,English,United Kingdom,England,English,Female,No
62a08ae9a88f7afdb79844c1,5d1905fe4d7eea00170c3f28,APPROVED,2022-06-08 11:41:34.093000,2022-06-08 11:53:23.327000,709.234,48,541,1,100,2022-06-09 15:26:40.035000,91442ADD,United Kingdom,United Kingdom,Other,English,English,United Kingdom,England,English,Female,No
62a08af3fc8f4e4279c06b5f,60358f36069759a81559481c,APPROVED,2022-06-08 11:41:48.453000,2022-06-08 12:02:59.606000,1271.153,24,249,0,100,2022-06-09 15:26:39.565000,91442ADD,United Kingdom,United Kingdom,Part-Time,English,English,United Kingdom,England,English,Female,No
62a08afafddfb3b2f27034f0,616fc0fe137a83ae94d8efe9,REJECTED,2022-06-08 11:41:51.761000,2022-06-08 12:20:14.774000,2303.013,51,191,6,95,2022-06-09 15:26:12.443000,91442ADD,United Kingdom,United Kingdom,Part-Time,English,English,United Kingdom,England,"English, Faroese",Female,No
62a08afe25390e7c38c41b33,5d0a75368dad180019fad2b4,APPROVED,2022-06-08 11:41:53.013000,2022-06-08 11:55:46.535000,833.522,32,681,3,100,2022-06-09 15:26:37.834000,91442ADD,United Kingdom,United Kingdom,Full-Time,English,English,United Kingdom,Scotland,English,Female,No
62a08b01d7f008840e1f1db8,5cf9b191bab656001598a996,APPROVED,2022-06-08 11:41:56.316000,2022-06-08 11:53:43.720000,707.404,31,26,0,100,2022-06-09 15:26:36.940000,91442ADD,United Kingdom,United Kingdom,Full-Time,English,English,United Kingdom,Scotland,English,Male,No
62a08b03ea766d26580fc81d,5aeb2689b33c3d000144ea6b,APPROVED,2022-06-08 11:41:58.125000,2022-06-08 11:52:28.218000,630.093,30,75,0,100,2022-06-09 15:26:36.217000,91442ADD,United Kingdom,United Kingdom,"Not in paid work (e.g. homemaker', 'retired or disabled)",English,English,United Kingdom,England,English,Female,Yes
62a211dfe7abfdb67d24fe55,611fa6acf8e6f36ad03c2d58,APPROVED,2022-06-09 15:29:40.045000,2022-06-09 15:48:46.699000,1146.654,43,165,1,100,2022-06-09 16:12:52.122000,91442ADD,United Kingdom,United Kingdom,Part-Time,English,English,United Kingdom,England,English,Female,No
62a211e445e2afc26fd7e332,59773e23d05b880001a37ad1,REJECTED,2022-06-09 15:29:45.365000,2022-06-09 15:44:23.697000,878.332,38,274,3,99,2022-06-09 16:11:46.032000,91442ADD,United Kingdom,United Kingdom,"Not in paid work (e.g. homemaker', 'retired or disabled)",English,English,United Kingdom,England,English,Female,No
62a21cbf7df685778609c3a6,5d27a5fb6f7c660019b561e2,APPROVED,2022-06-09 16:17:59.480000,2022-06-09 16:30:44.779000,765.299,40,322,1,100,2022-06-09 16:36:16.184000,91442ADD,United Kingdom,United Kingdom,Part-Time,English,English,United Kingdom,England,English,Female,No
