session_id,participant_id,status,started_datetime,completed_date_time,time_taken,age,num_approvals,num_rejections,prolific_score,reviewed_at_datetime,entered_code,Country of Birth,Current Country of Residence,Employment Status,First Language,Fluent languages,Nationality,Nationality (UK),Primary Language,Sex,Student Status
62b7291ee2fe7589d3a89dd5,62b627e2ed6eb246e558ca5f,APPROVED,2022-06-25 15:26:30.940000,2022-06-25 15:34:33.643000,482.703,26,4,0,100,2022-06-26 20:42:34.948000,91442ADD,United Kingdom,United Kingdom,Full-Time,English,English,United Kingdom,England,English,Male,No
62b7297c7a9e856acfc579e0,601035bc24cb8f2c108b3e48,APPROVED,2022-06-25 15:27:59.033000,2022-06-25 15:35:27.062000,448.029,33,279,2,100,2022-06-26 20:42:33.899000,91442ADD,United States,United Kingdom,Full-Time,English,English,United Kingdom,England,English,Female,No
62b72a7956ac41aeb5f27abf,60378a1fce81657f43eba68d,RETURNED,2022-06-25 15:32:12.601000,,105046.547396,43,287,3,99,,,CONSENT REVOKED,CONSENT REVOKED,CONSENT REVOKED,CONSENT REVOKED,CONSENT REVOKED,CONSENT REVOKED,CONSENT REVOKED,CONSENT REVOKED,CONSENT REVOKED,CONSENT REVOKED
62b72bb15970ff11563f02c0,6002037f1bca771c256ac8ac,APPROVED,2022-06-25 15:37:34.054000,2022-06-25 15:59:52.328000,1338.274,49,243,3,99,2022-06-26 20:42:31.889000,91442ADD,United Kingdom,United Kingdom,Full-Time,English,English,United Kingdom,England,English,Female,Yes
62b72bcdc7f167308d98f5c2,59a6aa43b2130b000179d303,APPROVED,2022-06-25 15:37:52.430000,2022-06-25 15:46:18.958000,506.528,44,807,2,100,2022-06-26 20:42:31.135000,91442ADD,United Kingdom,United Kingdom,Part-Time,English,English,United Kingdom,England,English,Female,No
62b72be95c89e1e4069e337e,5821198a8b13670001ea8048,APPROVED,2022-06-25 15:38:24.323000,2022-06-25 15:49:53.681000,689.358,61,184,7,94,2022-06-26 20:42:29.811000,91442ADD,United Kingdom,United Kingdom,Other,English,English,United Kingdom,England,English,Female,No
62b72bf6dc2b2415bd446ed6,5c49a0c73bf5cd0001b2f102,APPROVED,2022-06-25 15:38:34.584000,2022-06-25 15:45:19.025000,404.441,39,227,1,100,2022-06-26 20:42:28.362000,91442ADD,United Kingdom,United Kingdom,Full-Time,English,English,United Kingdom,England,English,Female,No
62b72bfa469f5f4e5a2cdbb7,5c5b71a4d365e400015096f9,APPROVED,2022-06-25 15:38:37.283000,2022-06-25 15:59:02.013000,1224.73,36,304,0,100,2022-06-26 20:42:27.473000,91442ADD,United Kingdom,United Kingdom,Full-Time,English,English,United Kingdom,England,English,Female,No
62b72c07eda324d1da9b90e0,61166b2cec63d8ea49e36aac,RETURNED,2022-06-25 15:38:51.860000,,104647.364213,59,194,1,100,,,CONSENT REVOKED,CONSENT REVOKED,CONSENT REVOKED,CONSENT REVOKED,CONSENT REVOKED,CONSENT REVOKED,CONSENT REVOKED,CONSENT REVOKED,CONSENT REVOKED,CONSENT REVOKED
62b72c14f82dcd299dba2722,5f5baa07da1b62322690b68c,RETURNED,2022-06-25 15:49:00.574000,,104038.664334,24,268,3,100,,,CONSENT REVOKED,CONSENT REVOKED,CONSENT REVOKED,CONSENT REVOKED,CONSENT REVOKED,CONSENT REVOKED,CONSENT REVOKED,CONSENT REVOKED,CONSENT REVOKED,CONSENT REVOKED
62b72c1af108c63e53784ced,59bede4d49d8ac0001c30998,APPROVED,2022-06-25 15:39:11.608000,2022-06-25 15:47:55.361000,523.753,42,599,11,96,2022-06-26 20:42:25.345000,91442ADD,United Kingdom,United Kingdom,Part-Time,English,English,United Kingdom,England,English,Female,No
62b72c24875957a2a5c579ca,613bae70cab01ced932e5e9f,APPROVED,2022-06-25 15:39:19.449000,2022-06-25 15:44:41.032000,321.583,29,370,2,100,2022-06-26 20:42:24.791000,91442ADD,United Kingdom,United Kingdom,Full-Time,English,"English, French",United Kingdom,England,English,Female,No
62b72c58d6a648a1005f2a54,603ae31e6aba3a7010516055,APPROVED,2022-06-25 15:40:09.776000,2022-06-25 15:46:16.577000,366.801,33,398,1,100,2022-06-26 20:42:23.766000,91442ADD,United Kingdom,United Kingdom,Full-Time,English,English,United Kingdom,England,English,Male,No
