session_id,participant_id,status,started_datetime,completed_date_time,time_taken,age,num_approvals,num_rejections,prolific_score,reviewed_at_datetime,entered_code,Country of Birth,Current Country of Residence,Employment Status,First Language,Fluent languages,Nationality,Nationality (UK),Primary Language,Sex,Student Status
62a08b524c69fc14e17732a3,5ef5e1b52e4e74258790c812,REJECTED,2022-06-08 11:43:18.143000,2022-06-08 12:04:29.882000,1271.739,37,248,6,95,2022-06-09 15:29:35.392000,No code went off half way threw,United Kingdom,United Kingdom,Part-Time,English,English,United Kingdom,England,English,Female,No
62a08b5cff0206a2fb379366,6294bb3a5c36eae8263a022d,RETURNED,2022-06-08 11:43:29.984000,,102362.79093,31,3,1,94,,,CONSENT REVOKED,CONSENT REVOKED,CONSENT REVOKED,CONSENT REVOKED,CONSENT REVOKED,CONSENT REVOKED,CONSENT REVOKED,CONSENT REVOKED,CONSENT REVOKED,CONSENT REVOKED
62a08b9671c94916e10fd132,5a94a7ce35237b000112518a,APPROVED,2022-06-08 11:44:25.558000,2022-06-08 12:01:19.097000,1013.539,29,91,0,100,2022-06-09 15:30:00.643000,91442ADD,United Kingdom,United Kingdom,Full-Time,English,English,United Kingdom,England,English,Female,Yes
62a08bdd2eaf0d4b6786ebe3,56d1f9597bbc32000589a58d,RETURNED,2022-06-08 11:45:38.228000,,102234.607681,59,905,5,100,,,CONSENT REVOKED,CONSENT REVOKED,CONSENT REVOKED,CONSENT REVOKED,CONSENT REVOKED,CONSENT REVOKED,CONSENT REVOKED,CONSENT REVOKED,CONSENT REVOKED,CONSENT REVOKED
62a08be5986de521f26acff1,613e371ecf7c49979814fa3b,APPROVED,2022-06-08 11:45:45.305000,2022-06-08 11:53:15.945000,450.64,30,170,1,100,2022-06-09 15:30:02.088000,91442ADD,United Kingdom,United Kingdom,Full-Time,English,English,United Kingdom,England,English,Female,No
62a08be966f39a70fe32f57e,6065652f94cca7850cbf41b1,APPROVED,2022-06-08 11:45:56.767000,2022-06-08 11:55:16.110000,559.343,30,203,3,99,2022-06-09 15:30:04.396000,91442ADD,United Kingdom,United Kingdom,Part-Time,English,"English, French, Spanish",United Kingdom,Wales,English,Female,No
62a08bedeabf3c3778a8405b,5c8e1261692c610018e14db1,APPROVED,2022-06-08 11:45:53.549000,2022-06-08 11:54:58.599000,545.05,29,274,4,99,2022-06-09 15:30:03.241000,91442ADD,United Kingdom,United Kingdom,Full-Time,English,English,United Kingdom,England,English,Male,No
62a08c35ded89b28d4650f9e,6166d329ed4a00458e660e87,APPROVED,2022-06-08 11:47:05.107000,2022-06-08 12:08:19.091000,1273.984,58,207,2,99,2022-06-09 15:30:05.304000,91442ADD,United Kingdom,United Kingdom,Full-Time,English,English,United Kingdom,England,English,Female,No
62a08c5cd01986828fcb661d,6059ae3dd7584528da131be1,APPROVED,2022-06-08 11:47:43.373000,2022-06-08 11:53:48.758000,365.385,32,386,2,100,2022-06-09 15:30:06.540000,91442ADD,United Kingdom,United Kingdom,Full-Time,English,English,United Kingdom,England,English,Male,No
62a08c6f56f44fefb1be1ca4,6060dcaf19b714b145f5a5f3,APPROVED,2022-06-08 11:48:02.839000,2022-06-08 11:58:15.129000,612.29,37,151,1,100,2022-06-09 15:30:07.437000,91442ADD,United Kingdom,United Kingdom,Part-Time,English,"English, Gujarati",United Kingdom,England,English,Female,No
62a08ceb698b280c862f988a,579b5ecd70c76a0001245b9a,APPROVED,2022-06-08 11:50:08.652000,2022-06-08 12:03:41.763000,813.111,33,48,0,100,2022-06-09 15:30:08.353000,91442ADD,United Kingdom,United Kingdom,Part-Time,English,English,United Kingdom,England,English,Female,No
62a09718d01892bb0d33f097,5b1562981e55760001ba1e64,APPROVED,2022-06-08 12:33:32.703000,2022-06-08 12:41:48.764000,496.061,59,1143,0,100,2022-06-09 15:30:09.700000,91442ADD,United Kingdom,United Kingdom,"Not in paid work (e.g. homemaker', 'retired or disabled)",English,English,United Kingdom,England,English,Male,Yes
62a212538a0506ffd626836a,58d0cc99685589000142c896,RETURNED,2022-06-09 15:41:31.790000,,1681.403964,30,117,1,100,,,CONSENT REVOKED,CONSENT REVOKED,CONSENT REVOKED,CONSENT REVOKED,CONSENT REVOKED,CONSENT REVOKED,CONSENT REVOKED,CONSENT REVOKED,CONSENT REVOKED,CONSENT REVOKED
62a2129769818c40b3cfe42e,610e47e32fee3f67f185cb37,APPROVED,2022-06-09 15:33:31.073000,2022-06-09 15:46:41.576000,790.503,33,128,1,100,2022-06-09 16:08:43.934000,91442ADD,United Kingdom,United Kingdom,Part-Time,English,English,United Kingdom,England,English,Female,No
