session_id,participant_id,status,started_datetime,completed_date_time,time_taken,age,num_approvals,num_rejections,prolific_score,reviewed_at_datetime,entered_code,Country of Birth,Current Country of Residence,Employment Status,First Language,Fluent languages,Nationality,Nationality (UK),Primary Language,Sex,Student Status
6257460cb1febc3cc7a2243d,5b202d4fcdfb7500010c183d,APPROVED,2022-04-13 21:52:16.266000,2022-04-13 21:59:29.074000,432.808,32,216,2,99,2022-04-14 12:13:05.821000,91442ADD,United Kingdom,United Kingdom,Full-Time,English,English,United Kingdom,England,English,Female,DATA EXPIRED
6257469f1b7e4f5ec2e3254f,60cf55086ca6b8feb9718885,APPROVED,2022-04-13 21:54:44.893000,2022-04-13 22:05:41.635000,656.742,37,288,3,99,2022-04-14 12:13:04.936000,91442ADD,United Kingdom,United Kingdom,Full-Time,English,English,United Kingdom,England,English,Female,No
625746a3788e63d5f5e22308,5eb882699351617d648529d6,APPROVED,2022-04-13 21:54:45.742000,2022-04-13 22:04:23.816000,578.074,29,129,3,96,2022-04-14 12:13:04.267000,91442ADD,United Kingdom,United Kingdom,Full-Time,English,English,United Kingdom,England,English,Male,No
625746de274c6db71132f2b6,614907aa62e00009ab079c33,APPROVED,2022-04-13 21:55:45.010000,2022-04-13 22:06:55.965000,670.955,29,56,1,100,2022-04-14 12:13:03.246000,91442ADD,United Kingdom,United Kingdom,Unemployed (and job seeking),English,English,United Kingdom,England,English,Female,Yes
625746f4017d42286d5274f0,5df4c0797caa1e35e0cf78af,RETURNED,2022-04-13 22:06:04.201000,,50826.552681,29,238,5,98,,,CONSENT REVOKED,CONSENT REVOKED,CONSENT REVOKED,CONSENT REVOKED,CONSENT REVOKED,CONSENT REVOKED,CONSENT REVOKED,CONSENT REVOKED,CONSENT REVOKED,CONSENT REVOKED
6257482364e35af5b3446b13,615730e930e2a471ec558454,RETURNED,2022-04-13 22:01:13.370000,,51117.397239,29,221,4,98,,,CONSENT REVOKED,CONSENT REVOKED,CONSENT REVOKED,CONSENT REVOKED,CONSENT REVOKED,CONSENT REVOKED,CONSENT REVOKED,CONSENT REVOKED,CONSENT REVOKED,CONSENT REVOKED
625748c92ab364a762a67fed,60d38333e00b54b179cbf5dd,APPROVED,2022-04-13 22:03:56.313000,2022-04-13 22:26:19.830000,1343.517,35,125,3,98,2022-04-14 12:13:02.110000,91442ADD,United Kingdom,United Kingdom,Part-Time,English,English,United Kingdom,England,English,Female,No
625748e6dc625a5b0b3c9089,60a63a6c12a8c08ded1a6a05,APPROVED,2022-04-13 22:04:24.334000,2022-04-13 22:14:07.416000,583.082,31,58,0,100,2022-04-14 12:13:00.788000,91442ADD,United Kingdom,United Kingdom,Part-Time,English,English,United Kingdom,England,English,Female,No
6257492bfa5789f26fbaec3e,615970885fa5786c70b8cda9,APPROVED,2022-04-13 22:05:35.301000,2022-04-13 22:17:23.186000,707.885,32,21,0,100,2022-04-14 12:12:59.833000,91442ADD,United Kingdom,United Kingdom,"Not in paid work (e.g. homemaker', 'retired or disabled)",English,English,United Kingdom,England,English,Female,No
625749347af81c0f9b56d802,5e23554c114df8614f53cb3e,RETURNED,2022-04-13 22:05:44.968000,,50845.856494,38,391,0,100,,,CONSENT REVOKED,CONSENT REVOKED,CONSENT REVOKED,CONSENT REVOKED,CONSENT REVOKED,CONSENT REVOKED,CONSENT REVOKED,CONSENT REVOKED,CONSENT REVOKED,CONSENT REVOKED
62574934d75df69203cb5253,61013ea4ab64d9fdfcf85871,APPROVED,2022-04-13 22:05:46.455000,2022-04-13 22:19:00.398000,793.943,44,233,5,97,2022-04-14 12:12:57.945000,91442ADD,United Kingdom,United Kingdom,Part-Time,English,English,United Kingdom,England,English,Female,No
6257494ccb76271d30c45f76,5a90688e777df200015f9630,APPROVED,2022-04-13 22:06:06.572000,2022-04-13 22:12:52.362000,405.79,33,266,9,94,2022-04-14 12:12:56.879000,91442ADD,United Kingdom,United Kingdom,Part-Time,English,English,United Kingdom,England,English,Female,No
62574d9be87a57bf44c9869e,5eb3d22ffa15221c2e0117c5,APPROVED,2022-04-13 22:24:39.245000,2022-04-13 22:40:39.787000,960.542,20,379,1,100,2022-04-14 12:12:56.341000,91442ADD,United Kingdom,United Kingdom,Other,English,English,United Kingdom,England,English,Male,No
